Prey;WT_NC;WT_S;WT_FCS;G12_NC;G12_S;G12_FCS;G13_NC;G13_S;G13_FCS;Q61_NC;Q61_S;Q61_FCS
A0A087X1N8;0;0;0;0;0;0;0;0;0;0;0;0
Q00341;1;1;1;1;1;1;1;1;1;1;1;1
A0A024R4M0;0;0;0;0;0;0;0;0;0;0;0;0
A0A024R571;0;0;0;0;0;0;0;0;0;0;0;0
A0A0G2JL47;0;0;0;0;0;0;0;0;0;0;0;0
A0A067XG54;0;0;0;0;0;0;0;0;0;0;1;0
P11532;0;0;0;0;0;0;0;0;0;0;0;0
K7EM73;0;0;0;0;0;0;0;0;0;0;0;0
M0R1Z8;0;0;0;0;0;0;0;0;0;0;0;0
Q16881;0;0;0;0;0;0;0;0;0;0;0;0
Q96QZ7;0;0;0;0;0;0;0;0;0;0;0;0
A0A087WTA5;0;0;0;0;0;0;0;0;0;0;0;0
A0A087WTK0;0;0;0;0;0;0;0;0;0;0;0;0
A0A087WTM1;1;1;1;0;1;1;0;1;1;1;1;0
A0A087WTP3;0;0;0;0;0;0;0;0;0;0;0;0
F8W6X9;0;0;0;0;0;0;0;0;0;0;0;0
P11940;1;1;1;0;1;1;1;1;1;1;1;0
A0A087WVR3;0;0;0;0;0;0;0;0;0;0;0;0
A0A087WX17;0;0;0;0;0;0;0;0;0;0;0;0
A0A087WU64;0;0;0;0;0;0;0;0;0;0;0;0
E9PL01;0;0;0;0;0;0;0;0;0;0;0;0
A0A087WUK2;0;0;0;0;0;0;0;0;0;0;0;0
E7ETK0;0;0;0;0;0;0;0;0;0;0;0;0
A0A087WUT6;0;0;0;0;0;0;0;0;0;0;0;0
A0A087X0G7;0;0;0;0;0;0;0;0;0;0;0;0
Q9NXU5;0;0;0;0;0;0;0;0;0;0;0;0
A0A087WUZ3;1;1;1;1;1;1;1;1;1;1;1;1
F8W7C6;0;0;0;0;0;0;0;0;0;0;0;0
A0A087WV97;0;0;0;0;0;0;0;0;0;0;0;0
A0A087WVF7;0;0;0;0;0;0;0;0;0;0;0;0
A0A087WVM4;0;0;0;0;0;0;0;0;0;0;0;0
A0A087WVQ6;0;0;0;0;0;1;0;1;1;0;0;0
Q96AY4;0;0;0;0;0;0;0;0;0;0;0;0
C9JAG1;0;0;0;0;0;0;0;0;0;0;0;0
A0A0C4DGT3;0;0;0;0;0;0;0;0;0;0;0;0
A0A087WXC5;0;0;0;0;0;0;0;0;0;0;0;0
A0A087WXK8;0;0;0;0;0;0;0;0;0;0;0;0
A0A087WXM6;0;0;0;0;0;0;0;0;0;0;0;0
A0A087WXN9;0;0;0;0;0;0;0;0;0;0;0;0
A0A087WXX9;0;0;0;0;0;0;0;0;0;0;0;0
A0A087WY55;0;0;0;0;0;0;0;0;0;0;0;0
A0A087WYN9;0;0;0;0;0;0;0;0;0;0;0;0
A0A087WYT3;0;0;0;0;0;0;0;0;0;0;0;0
A0A087WYX8;0;0;0;0;0;0;0;0;0;0;0;0
A0A087WZ13;0;0;0;0;0;0;0;0;0;0;0;0
A0A087WZ40;0;0;0;0;0;0;0;0;0;0;0;0
A0A087WZG9;0;0;0;0;0;0;0;0;0;0;0;0
A0A087WZK9;0;0;0;0;0;0;0;0;0;0;0;0
A0A087WZN1;0;0;0;0;0;0;0;0;0;0;0;0
A0A087X0T8;0;1;0;0;0;0;0;0;0;0;0;0
A0A087X0M0;0;0;0;0;0;0;0;0;0;0;0;0
A0A087X0P0;0;0;0;0;0;0;0;0;0;0;0;0
A0A087X0Q1;0;0;0;0;0;0;0;0;0;0;0;0
Q04206;0;0;0;0;0;0;0;1;0;0;1;0
O95793;1;1;1;1;1;1;1;1;1;1;1;1
A0A087X1U1;0;0;0;0;0;0;0;0;0;0;0;0
A0A087X1Z3;0;0;0;0;0;0;0;0;0;0;0;0
A0A087X271;1;1;1;1;1;1;1;1;1;1;1;1
I3L192;0;0;0;0;0;0;0;0;0;0;0;0
A0A087X2D0;0;0;0;0;0;0;0;0;0;0;0;0
A0A087X2H1;0;0;0;0;0;0;0;1;0;0;0;0
A0A087X2I1;0;0;0;0;0;0;0;0;0;0;0;0
A0A088AWN3;0;0;0;0;0;0;0;0;0;0;0;0
A0A096LNH6;0;0;0;0;0;0;0;0;0;0;0;0
Q6ZSR9;0;0;0;0;0;0;0;0;0;0;0;0
H7C1S7;0;0;0;0;0;0;0;0;0;0;0;0
A0A0A0MQX1;0;0;0;0;0;0;0;0;0;0;0;0
Q9NR56;0;0;0;0;0;0;0;0;0;0;0;0
A0A0A0MQY7;0;0;0;0;0;0;0;0;0;0;0;0
A0A0A0MRA5;0;0;0;0;0;0;0;0;0;0;0;0
A0A0A0MRC4;0;0;0;0;0;0;0;0;0;0;0;0
G3V5X4;0;0;0;0;0;0;0;0;0;0;0;0
A0A0A0MRE5;0;0;0;0;0;0;0;0;0;0;0;0
A0A0A0MRE6;0;0;0;0;0;0;0;0;0;0;0;0
A0A0A0MRF6;0;0;0;0;0;0;0;0;0;0;0;0
A0A0A0MRI2;0;0;0;0;0;0;0;0;0;0;0;0
A0A0A0MRJ6;0;0;0;0;0;0;0;0;0;0;0;0
A0A0A0MRM8;1;0;1;1;0;1;1;0;1;1;0;0
A0A0A0MRT6;1;1;1;1;1;1;1;1;1;1;1;1
D3DX48;0;0;0;0;0;0;0;0;0;0;0;0
A0A0A0MRV0;0;0;0;0;0;0;0;0;0;0;0;0
E7EMV7;0;0;0;0;0;0;0;0;0;0;0;0
Q9BWM7;0;0;0;0;0;0;0;0;0;0;0;0
Q5SWX3;0;0;0;0;0;0;0;0;0;0;0;0
A0A0A0MS99;0;0;0;0;0;0;0;0;0;0;0;0
A0A0A0MSB8;0;0;0;0;0;0;0;0;0;0;0;0
A0A0A0MSG2;0;0;0;0;0;0;0;0;0;0;0;0
A0A0A0MSJ9;0;0;0;0;0;0;0;0;0;0;0;0
A0A0A0MSK6;0;0;0;0;0;0;0;0;0;0;0;0
P27448;1;1;1;0;1;1;1;1;1;1;1;0
P51532;0;0;0;0;0;0;0;0;0;0;0;0
A0A0A0MTB8;0;0;0;0;0;0;0;0;0;0;0;0
A0A0A0MTR7;0;0;0;0;0;0;0;0;0;0;0;0
A0A0A0MTH9;0;0;0;0;0;0;0;0;0;0;0;0
A0A0A0MTJ5;0;0;0;0;0;0;0;0;0;0;0;0
A0A0A0MTL5;0;0;0;0;0;0;0;0;0;0;0;0
A0A0A0MTL6;0;0;0;0;0;0;0;0;0;0;0;0
A0A0A6YYL4;0;0;0;0;0;0;0;0;0;0;0;0
A0A0B4J1V9;0;0;0;0;0;0;0;0;0;0;0;0
A0A0B4J1W3;0;0;0;0;0;0;0;0;0;0;0;0
Q5W0H4;0;0;0;0;0;0;0;0;0;0;0;0
A0A0B4J2G4;0;0;0;0;0;0;0;0;0;0;0;0
A0A0C4DFM7;0;0;0;0;0;0;0;0;0;0;0;0
A8MXL6;0;0;0;0;0;0;0;0;0;0;0;0
C9J9K3;0;0;0;0;0;0;0;0;0;0;0;0
Q9NYB9;1;1;1;1;1;1;1;1;1;1;1;1
E7ENN3;0;0;0;0;0;0;0;0;0;0;0;0
A0A0C4DG49;1;1;1;0;1;0;1;1;1;1;1;0
A0A0C4DG54;0;0;0;0;0;0;0;0;0;0;0;0
F5GYV5;0;0;0;0;0;0;0;0;0;0;0;0
A0A0C4DG89;0;0;0;0;0;0;0;0;0;0;0;0
P20810-9;0;0;0;0;0;0;0;1;0;0;0;0
A0A0C4DGE4;0;0;0;0;0;0;0;0;0;0;0;0
A0A0C4DGG1;0;0;0;0;0;0;0;0;0;0;0;0
F5GWX5;0;0;0;0;0;0;0;0;0;0;0;0
A0A0C4DGH3;0;0;0;0;0;0;0;0;0;0;0;0
O75390;0;0;0;0;0;0;0;0;0;0;0;0
A0A0C4DGP2;0;0;0;0;0;0;0;0;0;0;0;0
J3KRS1;0;0;0;0;0;0;0;0;0;0;0;0
A0A0C4DGS1;0;0;0;0;0;0;0;0;0;0;0;0
A0A0C4DGS5;0;0;0;0;0;0;0;0;0;0;0;0
A0A0C4DGS9;0;0;1;0;0;1;1;1;1;1;1;0
A0A0C4DGX4;0;0;0;0;0;0;0;0;0;0;0;0
A0A0D9SEJ5;0;0;0;0;0;0;0;0;0;0;0;0
A0A0D9SG12;0;0;0;0;0;0;0;0;0;0;0;0
A0A0D9SFL3;0;0;0;0;0;0;0;0;0;0;0;0
A0A0X1KG75;0;0;0;0;0;0;0;0;0;0;0;0
A0A1B0GWF2;0;1;0;0;1;0;0;0;0;0;0;0
A0A0D9SGE8;0;0;0;0;0;0;0;0;0;0;0;0
A0A0D9SGJ6;0;0;0;0;0;0;0;0;0;0;0;0
A0A140T8Z0;0;1;0;0;1;1;0;1;1;0;1;1
A0A0G2JHC2;0;0;0;0;0;0;0;0;0;0;0;0
A0A0G2JIW1;0;0;0;0;0;0;0;1;0;0;0;0
A0A0G2JLR5;0;0;0;0;0;0;0;0;0;0;0;0
A0A0G2JPP5;1;1;1;1;1;1;1;1;1;1;1;1
A0A0J9YW40;0;0;0;0;0;0;0;0;0;0;0;0
P43243;0;0;0;0;0;0;0;0;0;0;0;0
A0A0S2Z5D0;0;0;0;0;0;0;0;0;0;0;0;0
A0A0U1RQK7;0;0;0;0;0;0;0;0;0;0;0;0
Q13464;0;0;0;0;0;0;0;0;0;0;0;0
A0A0U1RQW6;0;0;0;0;0;0;0;0;0;0;0;0
A0A0U1RR27;0;0;0;0;0;0;0;0;0;0;0;0
A0A0U1RRM6;1;1;1;0;1;0;0;1;0;1;1;0
A0A140LJL2;0;0;0;0;0;0;0;0;0;0;0;0
A0A140T8Y2;0;0;0;0;0;0;0;0;0;0;0;0
O43301;0;0;0;0;0;0;0;0;0;0;0;0
A0A1B0GWJ0;0;0;0;0;0;0;0;0;0;0;0;0
A0A1B0GTL5;0;0;0;0;0;0;0;0;0;0;0;0
A0A1B0GTU4;0;0;0;0;0;0;0;0;0;0;0;0
A0A1B0GUA3;0;0;0;0;0;0;0;0;0;0;0;0
A0A1C7CYX9;1;1;1;1;1;1;1;1;1;1;1;1
A0MZ66-8;0;1;0;0;0;0;0;1;1;1;1;1
A1BQX2;0;1;0;0;1;0;0;0;0;0;1;0
A1L0T0;0;0;0;0;0;0;0;0;0;0;0;0
A1L170-2;0;0;0;0;0;0;0;0;0;0;0;0
A2A2Q9;0;0;0;0;0;0;0;0;0;0;0;0
A2AEA2;0;0;0;0;0;0;0;0;0;0;0;0
A2IDA3;0;0;0;0;0;0;0;0;0;0;0;0
A3KMH1;0;0;0;0;0;0;0;0;0;0;0;0
C9J1X0;0;0;0;0;0;0;0;0;0;0;0;0
A5YKK6;1;1;1;1;1;1;1;1;1;1;1;1
A6NDU8;0;0;0;0;0;0;0;0;0;0;0;0
A6NEM2;0;0;0;0;0;0;0;1;1;0;1;1
A6NFX8;0;0;0;0;0;0;0;0;0;0;0;0
K7EIJ0;0;0;0;0;0;0;0;0;0;0;0;0
A6NGP5;1;1;1;0;1;1;0;1;0;1;1;1
E9PIZ0;0;0;0;0;0;0;0;0;0;0;0;0
A6NIW2;0;0;0;0;0;0;0;0;0;0;0;0
A6NKD9;0;0;0;0;0;0;0;0;0;0;0;0
E9PJK1;0;1;0;1;0;0;0;1;1;0;1;0
A6NN50;0;0;0;0;0;0;0;0;0;0;0;0
A6NNK5;0;0;0;0;0;0;0;0;0;0;0;0
A6PW57;1;1;1;0;1;0;0;1;1;1;1;0
A6QL63-2;0;0;0;0;0;0;0;0;0;0;0;0
A6ZKI3;0;0;0;0;0;0;0;0;0;0;0;0
A8MQ02;0;1;0;0;0;0;0;0;0;0;0;0
A8MVW0;0;0;0;0;0;0;0;0;0;0;0;0
B0QY89;0;0;1;1;0;0;0;0;0;0;0;0
Q99829;0;0;0;0;0;0;0;0;0;0;0;0
B0YIW6;0;0;0;0;0;0;0;0;0;0;0;0
B1AHF3;0;0;0;0;0;0;0;0;0;0;0;0
B1AJY5;0;0;0;0;0;0;0;0;0;0;0;0
B1AKC9;0;0;0;0;0;0;0;0;0;0;0;0
G3V1R5;0;0;0;0;0;0;0;0;0;0;0;0
B1ALU3;1;1;1;0;1;0;0;1;1;1;1;1
P07910;0;0;0;0;0;0;0;0;0;0;0;0
B4DIB3;0;0;0;0;0;0;0;0;0;0;0;0
B4DIH5;0;0;0;0;0;0;0;0;0;0;0;0
B4DKB2;0;0;0;0;0;0;0;0;0;0;0;0
B4DR12;0;0;0;0;0;0;0;0;0;0;0;0
B4DR61;0;0;0;0;0;0;0;0;0;0;0;0
B4DWR3;0;0;0;0;0;0;0;0;0;0;0;0
B4DY09;0;0;0;0;0;0;0;0;0;0;0;0
Q8NBY1;0;0;0;0;0;0;0;0;0;0;0;0
J3QQL5;0;0;0;0;0;0;0;0;0;0;0;0
B5MBZ0;0;0;0;0;0;0;0;0;0;0;0;0
P16422;0;0;0;0;0;0;0;0;0;0;0;0
B5MCF9;0;0;0;0;0;0;0;0;0;0;0;0
B5MDF5;0;0;0;0;0;0;0;0;0;0;0;0
E9PNX0;0;0;0;0;0;0;0;0;0;0;0;0
H7C2W9;0;0;0;0;0;0;0;0;0;0;0;0
Q9NRC1;0;0;0;0;0;0;0;0;0;0;0;0
B7ZC38;1;1;0;0;1;0;0;1;0;1;1;0
B7ZKQ9;0;0;0;0;0;0;0;0;0;0;1;0
B7ZL14;0;0;0;0;0;0;0;0;0;0;0;0
Q5VT82;0;0;0;0;0;0;0;0;0;0;0;0
B7ZM87;1;1;1;0;1;1;1;1;1;1;1;1
B8ZZG1;0;0;0;0;0;0;0;0;0;0;0;0
B8ZZS4;0;0;0;0;0;0;0;0;0;0;0;0
C9J2I0;0;0;0;0;0;0;0;0;0;0;0;0
B9A067;0;0;0;0;0;0;0;0;0;0;0;0
C9IYT0;0;0;0;0;0;0;0;0;0;0;0;0
C9IZX4;0;0;0;0;0;0;0;0;0;0;0;0
C9J0J7;0;0;0;0;0;0;0;0;0;0;0;0
C9J0K6;0;0;0;0;0;0;0;0;0;0;1;0
P30876;1;1;0;1;1;1;1;1;1;1;1;1
C9J494;0;0;0;0;0;0;0;0;0;0;0;0
C9J5X1;0;1;0;0;1;0;0;1;0;0;1;0
C9J623;0;0;0;0;0;0;0;0;0;0;0;0
C9J7K9;0;1;1;0;1;0;0;0;1;0;1;0
C9JA08;0;0;0;0;0;0;0;0;0;0;0;0
C9JA28;0;0;0;0;0;0;0;0;0;0;0;0
C9JJ19;0;0;0;0;0;0;0;0;0;0;0;0
C9JJX6;0;0;0;0;0;0;0;0;0;0;0;0
C9JKI3;0;0;0;0;0;0;0;0;0;0;0;0
C9JKZ2;0;0;0;0;0;0;0;0;0;0;0;0
C9JXB8;0;0;0;0;0;0;0;0;0;0;0;0
C9JP16;0;0;0;0;0;0;0;0;0;0;0;0
C9JRZ6;0;0;0;0;0;0;0;0;0;0;0;0
C9JYY6;0;0;0;0;0;0;0;0;0;0;0;0
C9JZI1;0;0;0;0;0;0;0;0;0;0;0;0
O60716;1;1;1;1;1;1;1;1;1;1;1;1
C9K025;0;0;0;0;0;0;0;0;0;0;0;0
C9K0J5;0;0;0;0;0;0;0;0;0;0;0;0
D3DQV9;0;0;0;0;0;0;0;0;0;0;0;0
D3YTB5;0;0;0;0;0;0;0;0;0;0;1;0
Q13557-5;0;0;0;0;0;0;0;1;0;0;1;0
D6RBW1;0;0;0;0;0;0;0;0;0;0;0;0
D6RGI3;0;0;0;0;0;0;0;0;0;0;0;0
O94979-8;0;0;0;0;0;0;0;0;0;0;0;0
D6REY2;0;0;0;0;0;0;0;0;0;0;0;0
D6RIE3;0;0;0;0;0;0;0;0;0;0;0;0
D6RHX8;0;0;0;0;0;0;0;0;0;0;0;0
E3W994;0;0;0;0;0;0;0;0;0;0;0;0
E5KLK1;0;0;0;0;0;0;0;0;0;0;0;0
E5RG77;0;0;0;0;0;0;0;0;0;0;0;0
E5RHG8;0;0;0;0;0;0;0;0;0;0;0;0
E5RIP4;0;0;0;0;0;0;0;0;0;0;0;0
E5RIW3;1;0;0;0;0;0;0;0;0;0;0;0
E5RJ29;0;0;0;0;0;0;0;0;0;0;0;0
Q7L5N1;0;0;0;0;0;0;0;0;0;0;0;0
J3QLD9;0;0;0;0;0;0;0;0;0;0;0;0
E7ENZ3;0;0;0;0;0;0;0;0;0;0;0;0
E7ES33;0;1;0;0;1;0;0;1;0;0;1;0
E7EPN9;1;1;1;1;1;1;1;1;1;1;1;1
E7EPV7;0;0;0;0;0;0;0;0;0;0;0;0
P15311;1;1;1;1;1;1;1;1;1;1;1;1
E7EQZ4;0;0;0;0;0;0;0;0;0;0;0;0
E7ERS3;0;0;0;0;0;0;0;0;0;0;0;0
Q05397-5;0;0;0;0;0;0;0;0;0;0;0;0
E7ESJ3;1;1;0;0;1;0;0;0;0;0;1;0
E7ESS2;0;1;0;0;0;0;0;1;0;0;1;0
E7ET15;0;0;0;0;0;0;0;0;0;0;0;0
E7EU96;0;0;0;0;0;0;0;0;0;0;0;0
E7EUU4;0;0;1;0;0;0;0;1;0;0;1;0
E7EVA0;1;1;0;1;1;0;1;1;1;1;1;0
Q07866;0;1;0;0;1;0;1;1;1;1;1;1
E7EVJ5;1;1;1;1;1;1;1;1;1;1;1;1
E7EX17;1;1;1;1;1;1;1;1;1;1;1;1
Q14203-3;0;0;0;0;0;0;0;0;0;0;0;0
E7EXA6;0;0;0;0;0;0;0;0;0;0;0;0
F8VZJ2;0;0;0;0;0;0;0;0;0;0;0;0
E9PBY7;0;0;0;0;0;0;0;0;0;0;0;0
Q7KZI7;0;1;0;0;1;0;0;1;0;0;1;0
E9PCH4;0;0;0;0;0;0;0;0;0;0;0;0
O95757;0;0;0;0;0;0;0;0;0;0;0;0
E9PDF6;0;1;0;0;1;1;1;1;1;1;1;1
E9PDR0;0;0;0;0;0;0;0;0;0;0;0;0
E9PEJ6;0;0;0;0;0;0;0;0;0;0;0;0
E9PEP6;0;1;0;0;0;0;0;0;0;0;0;0
E9PER6;0;0;0;0;0;0;0;0;0;0;0;0
E9PF10;0;1;1;1;1;1;0;1;1;1;1;1
E9PF19;0;0;0;0;0;0;0;0;0;0;0;0
E9PFQ4;0;0;0;0;1;0;0;0;0;0;0;0
Q14738;0;0;0;0;0;0;0;0;0;0;0;0
E9PG71;0;0;0;0;0;0;0;0;0;0;0;0
E9PGT1;0;0;0;0;0;0;0;0;0;0;0;0
Q05682-5;1;1;1;1;1;0;1;1;1;1;1;1
E9PHA2;0;0;0;0;0;0;0;0;1;0;0;1
E9PHM6;1;1;1;0;1;0;0;0;1;1;1;1
E9PHX8;0;0;0;0;0;0;0;0;0;0;0;0
E9PHY5;1;1;1;0;1;0;0;1;1;1;1;0
E9PJH7;0;0;0;0;0;0;0;0;0;0;0;0
E9PJN0;0;0;0;0;0;0;0;0;0;0;0;0
P29692;0;0;0;0;0;0;0;0;0;0;0;0
E9PK09;0;0;0;0;0;0;0;0;0;0;0;0
E9PKC0;1;1;1;0;1;0;0;1;0;1;1;0
H7BXH2;0;0;0;0;0;0;0;0;0;0;0;0
E9PKG1;0;0;0;0;0;0;0;0;0;1;1;0
E9PLK3;0;0;0;0;0;0;0;0;0;0;0;0
E9PM19;0;0;0;0;0;0;0;0;0;0;0;0
E9PRZ9;0;0;0;0;0;0;0;0;0;0;0;0
E9PRJ3;0;0;0;0;0;0;0;0;0;0;0;0
E9PMR6;0;0;0;0;0;0;0;0;0;0;0;0
E9PQY2;0;0;0;0;0;0;0;0;0;0;0;0
F1T0I1;1;1;1;1;1;1;1;1;1;1;1;1
F2Z2E2;0;0;0;0;0;0;0;0;0;0;0;0
F2Z2W7;0;0;0;0;0;0;0;0;0;0;0;0
F5GWT4;0;0;0;0;0;0;0;0;0;0;1;0
F5GX77;0;0;1;0;0;1;0;0;1;1;0;1
F5GYL3;0;0;0;0;0;0;0;0;0;0;0;0
F5GYN4;0;0;0;0;0;0;0;0;0;0;0;0
F5GZS6;1;1;1;1;1;1;1;1;1;1;1;1
Q07864;0;0;0;0;0;0;0;0;0;0;0;0
F5H1Y4;0;0;0;0;0;0;0;0;0;0;0;0
P11586;0;0;0;0;0;0;0;0;0;0;0;0
F5H365;0;0;0;0;0;0;0;0;0;0;0;0
Q9H9H4;0;0;0;0;0;0;0;0;0;0;0;0
F5H4P8;0;0;0;0;0;0;0;0;0;0;0;0
P55209;0;0;0;0;0;0;0;0;0;0;0;0
F5H5D3;0;0;0;0;0;0;0;0;0;0;0;0
F5H5I6;0;0;0;0;0;0;0;0;0;0;0;0
O75581;0;0;0;0;0;0;0;0;0;0;0;0
F6TLX2;0;0;0;0;0;0;0;0;0;0;0;0
H7BXD8;0;0;0;0;0;0;0;0;0;0;0;0
F6VRR5;0;0;0;0;0;0;0;0;0;0;0;0
F8VPD4;0;0;0;0;0;0;0;0;0;0;0;0
H0YH87;0;0;0;0;0;0;0;0;0;0;0;0
F8VUY8;0;1;1;1;1;1;0;1;1;1;1;0
F8VVA7;0;0;0;0;0;0;0;0;0;0;0;0
F8VVB8;0;0;0;0;0;0;0;0;0;0;0;0
F8VVL1;0;0;0;0;0;0;0;0;0;0;0;0
F8VXC8;0;0;0;0;0;0;0;0;0;0;0;0
F8W1F5;0;0;0;0;0;0;0;0;0;0;0;0
F8W1R7;0;0;0;0;0;0;1;0;0;1;0;0
F8W6I7;0;0;0;0;0;0;0;0;0;0;0;0
F8W727;0;0;0;0;0;0;0;0;0;0;0;0
F8W7U8;0;0;0;0;0;0;0;0;0;0;0;0
F8WA39;0;0;0;0;0;0;0;0;0;0;0;0
F8WAE5;0;0;0;0;0;0;0;0;0;0;0;0
F8WE88;1;0;1;1;0;1;1;0;1;1;0;0
G3V2V6;0;0;0;0;0;0;0;0;0;0;0;0
G3V325;0;0;0;0;0;0;0;0;0;0;0;0
G3V438;0;0;0;0;0;0;0;0;0;0;0;0
G3V5T9;0;0;0;0;0;0;0;0;0;0;0;0
G3V5Z7;0;0;0;0;0;0;0;0;0;0;0;0
G3XAH6;0;0;0;0;0;0;0;0;0;0;0;0
G5E933;1;1;1;1;1;1;1;1;1;1;1;1
G5E9A6;0;0;0;0;0;0;0;0;0;0;0;0
G5E9E7;1;1;1;1;1;1;1;1;1;1;1;1
G5EA36;0;0;0;0;0;0;0;0;0;0;0;0
P31943;0;0;0;0;0;0;0;0;0;0;0;0
Q8IUD2;0;0;0;0;0;0;0;0;0;0;0;0
O00429-6;0;0;0;0;0;0;0;0;0;0;0;0
H0Y2Y8;1;1;1;1;1;1;1;1;1;1;1;0
Q5QPK2;0;0;0;0;0;0;0;0;0;0;0;0
H0Y3A3;0;0;0;0;0;0;0;0;0;0;0;0
H0Y599;0;0;0;0;0;0;0;0;0;0;0;0
H0Y5B4;0;0;0;0;0;0;0;0;0;0;0;0
H0Y720;0;0;0;0;0;0;0;0;0;0;0;0
H0Y7A7;0;0;0;0;0;0;0;0;0;0;0;0
H0Y8B3;0;0;0;0;0;0;0;0;0;0;0;0
H0Y8G5;0;0;0;0;0;0;0;0;0;0;0;0
H0YAH0;0;0;0;0;0;0;0;0;0;0;0;0
H0YAW0;0;0;0;0;0;0;0;0;0;0;0;0
H0YCK3;0;0;0;0;0;0;0;0;0;0;0;0
Q5T4K5;0;0;0;0;0;0;0;0;0;0;0;0
H0YDU8;0;0;0;0;0;0;0;0;0;0;0;0
H0YME5;0;0;0;0;0;0;0;0;0;0;0;0
H0YMV8;0;0;0;0;0;0;0;0;0;0;0;0
H0YNH8;1;1;1;1;1;1;1;1;1;1;1;1
H0YNK6;0;0;0;0;0;0;0;0;0;0;0;0
H0YNW5;0;0;0;0;0;0;0;0;0;0;0;0
H3BLZ8;0;0;0;0;0;0;0;0;0;0;0;0
H3BMH2;0;0;0;0;0;0;0;0;0;0;0;0
H3BMU1;0;0;0;0;0;0;0;0;0;0;0;0
H3BNU1;0;0;0;0;0;0;0;0;0;0;0;0
H3BPE1;1;1;1;1;1;1;1;1;1;1;1;1
H3BPF6;0;0;0;0;0;0;0;0;0;0;0;0
Q12968;0;0;0;0;0;0;0;0;0;0;0;0
H3BRE8;0;0;0;0;0;0;0;0;0;0;0;0
H3BTB7;0;0;0;0;0;0;0;0;0;0;0;0
H3BU68;0;0;0;0;0;0;0;0;0;0;0;0
H7BXI1;0;0;0;0;0;0;0;0;0;0;0;0
H7BXY3;0;0;0;0;0;0;0;0;0;0;0;0
H7C0E5;0;0;0;0;0;0;0;0;0;0;0;0
H7C0Q6;0;0;0;0;0;0;0;0;0;0;0;0
H7C155;0;0;0;0;1;0;0;1;1;0;1;0
H7C1N2;0;0;0;0;0;0;0;0;0;0;0;0
H7C3A1;0;0;0;0;0;0;0;0;0;0;0;0
H7C3M7;0;0;0;0;0;0;0;0;0;0;0;0
H7C3T2;0;0;0;0;0;0;0;0;0;0;0;0
H7C5E4;0;0;0;0;0;0;0;0;0;0;0;0
H7C5G1;0;0;0;0;0;0;0;0;0;0;0;0
I3L0H8;0;0;0;0;0;0;0;0;0;0;0;0
I3L0N3;0;0;0;0;0;0;0;0;0;0;0;0
I3L112;0;0;0;0;0;0;0;0;0;0;0;0
I3L2B0;0;0;0;0;0;0;0;0;0;0;0;0
I3L2C7;0;0;0;0;0;0;0;0;0;0;0;0
I3L2J8;0;0;0;0;0;0;0;0;0;0;0;0
I3L2W9;0;0;0;0;0;0;0;0;0;0;0;0
I3L2Z5;0;0;0;0;0;0;0;0;0;0;0;0
I3L397;1;1;1;1;1;1;1;1;1;1;1;0
I6L894;0;0;0;0;0;0;0;0;0;0;0;0
J3KN01;1;1;1;1;1;1;1;1;1;1;1;1
Q5VYK3;0;0;0;0;0;0;0;0;0;0;0;0
J3KN66;0;0;0;0;0;0;0;0;0;0;0;0
Q9UJV9;0;0;0;0;0;0;0;0;0;0;0;0
J3KNS1;0;0;0;0;0;0;0;0;0;0;0;0
J3KPP4;0;0;0;0;0;0;0;0;0;0;0;0
J3KQ32;0;0;0;0;0;0;0;0;0;0;0;0
J3KQ48;0;0;0;0;0;0;0;0;0;0;0;0
J3KQR7;0;0;0;0;0;0;0;0;0;0;0;0
Q9BTW9;0;0;0;0;0;0;0;0;0;0;0;0
J3KTA4;0;0;0;0;0;0;0;0;0;0;0;0
J3QR09;0;0;0;0;0;0;0;0;0;0;0;0
J3KTF8;0;0;0;0;0;0;0;0;0;0;0;0
J3QLE5;0;0;0;0;0;0;0;0;0;0;0;0
J3QLN8;0;0;0;0;0;0;0;0;0;0;0;0
J3QRG6;0;0;0;0;0;0;0;0;0;0;0;0
J3QRM1;0;0;0;0;0;0;0;0;0;0;0;0
J3QRS3;0;0;0;0;0;0;1;0;0;0;0;0
J3QRS9;0;0;0;0;0;0;0;0;0;0;0;0
J3QRU1;1;1;1;1;1;1;1;1;1;1;1;1
J3QRV5;0;0;0;0;0;0;0;0;0;0;0;0
J3QS41;0;0;0;0;0;0;0;0;0;0;0;0
J9JIE6;0;0;0;0;0;0;0;0;0;0;0;0
K7EJE8;0;0;0;0;0;0;0;0;0;0;0;0
K7EJL1;0;0;0;0;0;0;0;0;0;0;0;0
K7EK07;0;0;0;0;0;0;0;0;0;0;0;0
K7EQ55;0;0;0;0;0;0;0;0;0;0;0;0
K7ELC2;0;0;0;0;0;0;0;0;0;0;0;0
K7ELD9;0;0;0;0;0;0;0;0;0;0;0;0
K7EP90;0;0;0;0;0;0;0;0;0;0;0;0
K7ES31;0;0;0;0;0;0;0;0;0;0;0;0
M0QWZ7;0;0;0;0;0;0;0;0;0;0;0;0
M0QXB4;0;0;0;0;0;0;0;0;0;0;1;0
M0QZ12;0;0;0;0;0;0;0;0;0;0;0;0
M0QZ22;0;0;0;0;0;0;0;0;0;0;0;0
M0QZR4;0;0;0;0;0;0;0;0;0;0;0;0
M0R0F0;0;0;0;0;0;0;0;0;0;0;0;0
M0R117;0;0;0;0;0;0;0;0;0;0;0;0
M0R2B7;0;0;0;0;0;0;0;0;0;0;0;0
M0R2P6;1;1;1;1;1;1;1;1;1;1;1;1
M0R2Z9;0;0;0;0;0;0;0;0;0;0;0;0
O00139-2;1;1;1;1;1;0;1;1;0;1;1;0
O00151;1;1;1;1;1;1;1;1;1;1;1;1
O00159-3;1;0;0;1;0;1;1;0;0;1;0;0
O00161;1;1;1;1;1;1;1;1;1;1;1;1
O00170;0;1;0;0;1;0;0;1;0;0;1;0
O00178;0;0;0;0;0;0;0;0;0;0;0;0
O00186;0;0;0;0;0;0;0;0;0;0;0;0
O00203-3;0;1;1;0;0;0;0;0;0;0;1;1
O00231;0;0;0;0;0;0;0;0;0;0;0;0
O00264;0;0;0;0;0;0;0;0;0;0;0;0
O00267;0;0;0;0;0;0;0;0;0;0;0;0
O00299;0;0;0;0;0;0;0;0;0;0;0;0
O00303;0;0;0;0;0;0;0;0;0;0;0;0
O00401;0;0;0;0;0;0;0;0;0;0;0;0
O00410;0;0;0;0;0;1;0;0;1;0;0;1
O00425;0;0;0;0;0;0;0;0;0;0;0;0
O00442-2;0;0;0;0;0;0;0;0;0;0;0;0
O00459;0;0;0;0;0;0;0;0;0;0;0;0
O00471;0;0;0;0;0;0;0;0;0;0;0;0
O00483;0;0;0;0;0;0;0;0;0;0;0;0
O00487;0;0;0;0;0;0;0;0;0;0;0;0
O00505;0;0;0;0;0;0;0;0;0;0;0;0
O00567;0;0;0;0;0;0;0;0;0;0;0;0
O00592-2;0;0;0;0;0;0;0;0;0;0;0;0
O00743-2;0;0;0;0;0;0;0;0;0;0;0;0
O00763-3;0;0;0;0;0;0;0;0;0;0;0;0
O00767;0;0;0;0;0;0;0;0;0;0;0;0
O14545;1;0;0;0;0;0;0;0;0;0;0;0
O14578;0;0;0;0;0;0;0;0;0;0;0;0
P47813;0;0;0;0;0;0;0;0;0;0;0;0
O14617;0;0;0;0;0;0;0;0;0;0;0;0
O14639;0;0;0;0;0;0;0;0;0;0;0;0
O14654;1;1;1;1;1;1;1;1;1;1;1;1
O14737;0;0;1;0;0;0;0;0;0;0;0;0
O14744;0;0;0;0;0;0;0;0;0;0;0;0
O14745;0;0;0;0;0;0;0;0;0;0;0;0
O14776-2;0;0;1;1;0;1;0;0;1;0;0;1
O14802;0;0;0;0;0;0;0;0;0;0;0;0
O14818;0;0;0;0;0;0;0;0;0;0;0;0
O14828;1;1;1;0;1;1;0;1;1;1;1;0
O14867;0;0;0;0;0;0;0;0;0;0;0;0
O14893-2;0;0;0;0;0;0;0;0;0;0;0;0
O14908;0;0;0;0;0;0;0;0;0;0;0;0
O14925;0;0;0;0;0;0;0;0;0;0;0;0
O14929-2;0;0;0;0;0;0;0;0;0;0;0;0
O14936-3;1;1;1;1;1;1;1;1;1;1;1;1
O14949;0;0;0;0;0;0;0;0;0;0;0;0
O14964;0;1;0;0;1;0;0;1;0;0;1;0
O14965;0;0;0;0;0;0;0;0;0;0;0;0
O14974;1;1;1;1;1;1;1;1;1;1;1;1
O14976;0;0;0;0;0;0;0;0;0;0;0;0
O14980;0;0;1;0;0;1;0;0;1;0;0;1
O15020;0;0;0;0;0;0;0;0;0;0;0;0
O15031;0;0;0;0;0;0;0;0;0;0;0;0
O15063;0;0;0;0;0;0;0;0;0;0;0;0
O15067;0;0;0;0;1;0;0;1;0;0;1;0
O15111;0;0;0;0;0;0;0;0;0;0;0;0
O15160-2;0;0;0;0;0;0;0;0;0;0;0;0
O15212;0;0;0;0;0;0;0;0;0;0;0;0
O15234;0;0;0;0;0;0;0;0;0;0;0;0
O15235;0;0;0;0;0;0;0;0;0;0;0;0
O15269;0;1;0;0;1;0;0;1;0;0;1;0
O15270;0;0;0;0;0;0;0;0;0;0;0;0
O15294;0;0;0;0;0;0;0;0;0;0;0;0
O15344;0;0;0;0;0;0;0;0;0;0;0;0
O15355;0;0;0;0;0;0;0;0;0;0;0;0
O15357;0;0;0;0;0;0;0;0;0;0;0;0
O15371-2;0;1;0;0;0;0;0;1;0;0;0;0
O15400-2;1;1;1;1;1;1;1;1;1;1;1;1
O15439-2;0;0;0;0;0;0;0;0;0;0;0;0
O15440-5;0;0;0;0;0;0;0;0;0;0;0;0
O15498-2;0;0;0;0;0;0;0;0;0;0;0;0
O43143;0;1;0;0;1;0;0;1;0;0;1;0
O43175;0;0;0;0;0;0;0;0;0;0;0;0
O43242;0;0;0;0;0;0;0;0;0;0;0;0
O43251-8;0;0;0;0;0;0;0;0;0;0;0;0
O43318-2;0;0;0;0;0;0;0;0;0;0;0;0
O43379-4;0;0;0;0;0;0;0;0;0;0;0;0
O43390;0;0;0;0;0;0;0;0;0;0;0;0
O43396;0;0;0;0;0;0;0;0;0;0;0;0
O43427-2;0;0;0;0;0;0;0;0;0;0;0;0
O43491;1;1;1;1;1;1;1;1;1;1;1;1
O43592;0;0;0;0;0;0;0;0;0;0;0;0
O43639;0;0;0;0;0;0;0;0;0;0;0;0
O43663-2;0;0;0;0;0;0;0;0;0;0;0;0
O43684-2;0;0;0;0;0;0;0;0;0;0;0;0
O43707;1;1;1;1;1;1;1;1;1;1;1;1
O43747;0;0;0;0;0;0;0;0;0;0;0;0
O43765;0;0;0;0;0;0;0;0;0;0;0;0
O43776;0;0;0;0;0;0;0;0;0;0;0;0
O43809;0;0;0;0;0;0;0;0;0;0;0;0
O43813;0;0;0;0;0;0;0;0;0;0;0;0
O43823;0;0;0;0;0;0;0;0;0;0;0;0
O43852;0;0;0;0;0;0;0;0;0;0;0;0
O43913;0;0;0;0;0;0;0;0;0;0;0;0
O60231;0;0;0;0;0;0;0;0;0;0;0;0
O60245;1;1;1;0;1;1;0;1;1;1;1;1
O60256;0;0;0;0;0;0;0;0;0;0;0;0
O60264;0;0;0;0;0;1;0;0;0;0;0;0
O60271-4;1;1;1;1;1;1;1;1;1;1;1;1
O60282;0;0;0;0;0;0;0;0;0;0;0;0
O60341;0;0;0;0;0;0;0;0;0;0;0;0
O60343-2;0;1;0;0;0;0;0;0;0;0;1;0
O60493;0;0;0;0;0;0;0;0;0;0;0;0
O60502;0;0;0;0;0;0;0;0;0;0;0;0
O60503;0;0;0;0;0;0;0;0;0;0;0;0
O60506;0;0;0;1;1;1;1;1;0;0;1;0
O60547;0;0;0;0;0;0;0;0;0;0;0;0
O60566;0;0;0;0;0;0;0;1;0;0;1;0
O60573;0;0;0;0;0;0;0;0;0;0;0;0
O60645-2;0;0;0;0;0;0;0;0;0;0;0;0
O60678;0;0;0;0;0;0;0;0;0;0;0;0
O60684;0;0;0;0;0;0;0;0;0;0;0;0
O60763;0;0;0;0;0;0;0;0;0;0;0;0
O60826;0;0;0;0;0;0;0;0;0;0;0;0
O60884;0;0;0;0;0;0;0;0;0;0;0;0
O75051;0;0;0;0;0;0;0;0;0;0;0;0
O75054;0;0;0;0;0;0;0;0;0;0;0;0
O75116;0;0;0;0;0;0;0;0;0;0;0;0
O75131;1;1;0;1;1;0;1;1;0;1;1;0
O75146;1;1;1;1;1;1;1;1;1;1;1;1
O75155;0;0;0;0;0;0;0;0;0;0;0;0
O75170-6;0;0;0;0;0;0;0;0;0;0;0;0
O75175;0;0;0;0;0;0;0;0;0;0;0;0
O75179-2;0;0;0;0;0;0;0;0;0;0;0;0
O75330-2;0;0;0;0;0;0;0;1;0;0;0;0
O75340-2;0;0;0;0;0;0;0;0;0;0;0;0
O75369-2;1;1;1;1;1;1;1;1;1;1;1;1
O75385;0;0;0;0;0;0;0;0;0;0;0;0
O75396;0;0;0;0;0;0;0;0;0;0;0;0
O75400-2;0;0;0;0;0;0;0;0;0;0;0;0
O75410-2;0;0;0;0;0;0;0;1;0;0;1;0
O75449;0;0;0;0;0;0;0;0;0;0;0;0
O75475;0;0;0;0;0;0;0;0;0;0;0;0
O75489;0;0;0;0;0;0;0;0;0;0;0;0
O75533;0;0;0;0;0;0;0;0;0;0;0;0
O75534;1;1;1;1;1;1;1;1;1;1;1;1
O75592-2;0;0;0;0;0;0;0;0;0;0;0;0
O75643;0;0;1;1;0;0;0;0;0;0;0;0
O75663;0;0;0;0;0;0;0;0;0;0;0;0
O75695;0;1;0;0;0;0;0;0;0;0;0;0
O75746;0;0;0;0;0;0;0;0;0;0;0;0
O75781;0;0;0;0;0;0;0;0;0;0;0;0
O75821;0;0;0;0;0;0;1;0;0;0;0;0
O75822-3;0;0;0;0;0;0;0;0;0;0;0;0
O75844;0;0;0;0;0;0;0;0;0;0;0;0
O75882;0;0;0;0;0;0;0;0;0;0;0;0
O75886;0;0;0;0;0;0;0;0;0;0;0;0
O75925;0;0;0;0;0;0;0;0;0;0;0;0
O75955;0;0;0;0;0;0;0;0;0;0;0;0
O75962-4;0;0;0;0;0;0;0;0;0;0;0;0
O75964;0;0;0;0;0;0;0;0;0;0;0;0
O75970-5;1;1;1;0;1;0;0;1;1;1;1;1
O76003;0;1;0;1;1;0;0;1;1;0;1;1
O76031;0;0;0;0;0;0;0;0;0;0;0;0
O76041-2;0;0;0;0;0;0;0;0;0;0;0;0
O76094;0;0;0;0;0;0;0;0;0;0;0;0
O94763-2;0;0;0;0;0;0;0;0;0;0;0;0
O94804;0;0;0;0;0;0;0;0;0;0;0;0
O94819;0;0;0;0;0;0;0;0;0;0;0;0
O94822;0;0;0;0;0;0;0;0;0;0;0;0
O94832;1;0;0;0;0;0;1;0;0;1;0;0
O94874;0;0;0;0;0;0;0;0;0;0;0;0
O94887;1;1;1;0;1;0;0;0;1;0;1;0
O94905;0;0;0;0;0;0;0;0;0;0;0;0
O94906-2;0;0;0;0;0;0;0;0;0;0;0;0
O94910-2;0;0;0;0;0;0;0;0;0;0;0;0
O94927;0;0;0;0;0;0;0;0;0;0;0;0
O94964;0;0;0;0;0;0;0;0;0;0;0;0
O94966-4;0;0;0;0;0;0;0;0;0;0;0;0
O94973;0;0;0;0;0;0;0;0;0;0;0;0
O95140;0;0;0;0;0;0;0;0;0;0;0;0
O95163;0;0;0;0;0;0;0;0;0;0;0;0
O95168-2;0;0;0;0;0;0;0;0;0;0;0;0
O95235-2;0;0;0;0;0;0;0;0;0;0;0;0
O95239;0;0;0;0;0;0;0;0;0;0;0;0
O95292;0;0;0;0;0;0;0;0;0;0;0;0
O95297-2;1;1;1;0;1;0;0;1;1;1;1;0
O95336;0;0;0;0;0;0;0;0;0;0;0;0
O95347;0;0;0;0;0;0;0;0;0;0;0;1
O95373;0;0;0;0;0;0;0;0;0;0;0;0
O95394;0;0;0;0;0;0;0;0;0;0;0;0
O95429;0;0;0;0;0;0;0;0;0;0;0;0
O95456;0;0;0;0;0;0;0;0;0;0;0;0
O95470;0;0;0;0;0;0;0;0;0;0;0;0
O95486;0;0;0;0;0;0;0;0;0;0;0;0
O95487-2;0;0;0;0;0;0;0;0;0;0;0;0
O95573;0;1;0;1;1;0;1;0;0;0;1;0
O95613;1;1;1;1;1;1;1;1;1;1;1;1
O95714;0;1;0;0;1;0;0;0;0;0;1;0
O95721;1;1;1;1;1;1;1;1;1;1;1;1
O95782-2;0;0;0;0;0;0;0;0;0;0;0;0
O95816;0;1;0;1;1;1;1;1;1;1;1;1
O95817;0;0;0;0;0;0;0;0;0;0;0;0
O95831-3;0;0;0;0;0;0;0;0;0;0;0;0
O95835;0;0;0;0;0;0;0;0;0;0;0;0
O95864;0;0;0;0;0;0;0;0;0;0;0;0
O96000;0;0;0;0;0;0;0;0;0;0;0;0
O96013;1;1;1;1;1;1;1;1;1;1;1;1
P00338;0;0;0;0;0;0;0;0;0;0;0;0
P00367;0;0;0;0;0;0;0;0;0;0;0;0
P00374;0;0;0;0;0;0;0;0;0;0;0;0
P00390-2;1;1;1;1;1;1;1;1;1;1;1;1
P00403;0;0;0;0;0;0;0;0;0;0;0;0
P00441;0;0;0;0;0;0;0;0;0;0;1;0
P00450;0;0;0;0;0;0;0;0;0;0;0;0
P00492;0;1;0;0;1;0;0;1;0;0;1;0
P00533;0;0;0;0;0;0;0;0;0;0;0;0
P00966;0;0;0;0;1;0;0;1;0;0;1;0
P01111;0;0;0;0;0;0;0;0;0;0;0;0
P01116-2;0;0;0;0;0;0;0;0;0;0;0;0
P01876;0;0;0;0;0;0;0;0;0;0;0;0
P01889;1;0;0;0;1;0;0;0;1;1;1;0
P02545-3;0;0;0;0;0;0;0;0;0;0;0;0
P02786;0;0;0;0;0;0;0;0;0;0;0;0
P04075;0;0;0;0;0;0;0;0;0;0;0;0
P04080;1;1;1;1;1;1;1;1;1;1;1;1
P04083;0;0;0;0;0;0;0;0;0;0;0;0
P04181;0;0;0;0;0;0;0;0;0;0;0;0
P04183;1;1;0;0;1;0;1;1;1;1;1;0
P04279;0;0;0;0;0;0;0;0;0;0;0;0
P04406;0;0;0;0;0;0;0;0;0;0;0;0
Q5SRN7;1;1;1;1;1;1;1;1;1;1;1;1
P04626;1;1;1;0;1;0;0;1;0;0;1;0
P04637;0;0;0;0;0;0;0;0;0;0;0;0
P04843;0;0;0;0;0;0;0;0;0;0;0;0
P04844;0;0;0;0;0;1;0;0;1;0;0;1
P04899;0;0;0;0;0;0;0;0;0;0;0;0
P04920-2;0;0;0;0;0;0;0;0;0;0;0;0
P05023-4;1;1;1;0;1;1;0;1;1;1;1;1
P05026;0;0;0;0;1;0;0;1;0;0;1;0
P05089-2;0;0;0;0;0;0;0;0;0;0;0;0
P05109;0;0;0;0;0;0;0;0;0;0;0;0
P05141;0;0;0;0;0;0;0;0;0;0;0;0
P05165-2;0;0;0;0;0;0;0;0;0;0;0;0
P05198;0;0;0;0;0;0;0;0;0;0;0;0
P05386;0;0;0;0;0;0;0;0;0;0;0;0
P05387;0;0;0;0;0;0;0;0;0;0;0;0
P05388;0;0;0;0;0;0;0;0;0;0;0;0
P05556;1;1;1;1;1;1;1;1;1;1;1;1
P05783;0;0;0;0;0;0;0;0;0;0;0;0
P06213;1;1;1;0;1;0;0;1;1;1;1;0
P06241;0;1;0;0;0;0;0;0;0;0;0;0
P06493;0;0;0;0;0;0;0;0;0;0;0;0
P06576;0;0;0;0;0;0;0;0;0;0;0;0
P06702;0;0;0;0;0;0;0;0;0;0;0;0
P06733;0;0;0;0;0;0;0;0;0;0;0;0
P06744;0;0;0;0;0;0;0;0;0;0;0;0
P06748;0;0;0;0;0;0;0;0;0;0;0;0
P06753-2;1;0;0;1;0;0;1;1;0;1;1;0
P06756-3;0;0;0;0;0;0;0;0;0;0;0;0
P07195;0;0;0;0;0;0;0;0;0;0;0;0
P07237;0;0;0;0;0;0;0;0;0;0;0;0
P07355;0;0;0;0;0;0;0;0;0;0;0;0
P07384;0;0;0;0;0;0;0;0;0;0;0;0
Q5JP53;0;0;0;0;0;0;0;0;0;0;0;0
P07737;0;0;1;0;0;0;0;0;0;0;0;0
P07741;0;0;0;0;0;0;0;0;0;0;0;0
P07814;0;0;0;0;0;0;0;0;0;0;0;0
P07900;0;0;0;0;0;0;0;0;0;0;0;0
P07948-2;0;0;0;0;0;0;0;0;0;0;0;0
P08133-2;1;1;1;0;1;0;0;1;0;0;1;0
Q5JR08;0;0;0;0;1;0;0;1;0;0;0;0
P08237;0;0;0;0;0;0;0;0;0;0;0;0
P08238;0;0;0;0;0;0;0;0;0;0;0;0
P08240;0;0;0;0;0;0;0;1;0;0;1;0
P08243-2;0;0;0;0;0;0;0;0;0;0;0;0
P08581;0;0;0;0;0;0;0;0;0;0;0;0
P08621-2;0;0;0;0;0;0;0;0;0;0;0;0
P08648;0;0;0;0;0;0;0;0;0;0;1;0
P08670;0;0;0;0;0;0;0;0;0;0;0;0
P08708;0;0;0;0;0;0;0;0;0;0;0;0
P08754;1;1;1;1;1;1;1;1;1;1;1;1
P08758;0;0;0;0;0;0;0;0;0;0;0;0
P09471-2;0;0;0;0;0;0;0;0;0;0;0;0
P09496-2;0;0;0;0;0;0;0;0;0;0;0;0
P09543-2;0;0;0;0;0;0;0;0;0;0;0;0
P09669;0;0;0;0;0;0;0;0;0;0;0;0
P09874;0;0;0;0;0;0;0;0;0;0;0;0
P09936;0;0;0;0;0;0;0;0;0;0;0;0
P09972;1;1;1;1;1;0;1;1;0;1;1;0
Q71UI9;0;0;0;0;0;0;0;0;0;0;0;0
Q96KK5;0;0;0;0;0;0;0;0;0;0;0;0
P0DN76;0;0;0;0;0;0;0;0;0;0;0;0
P0DN79;1;1;1;1;1;1;1;1;1;1;1;1
P10155-3;0;0;0;0;0;0;0;0;0;0;0;0
Q96II5;0;0;0;0;0;0;0;0;0;0;0;0
P10412;0;0;0;0;0;0;0;0;0;0;0;0
P10586-2;0;1;0;0;0;0;0;0;0;0;0;0
P10599;0;0;0;0;0;0;0;0;0;0;0;0
P10606;0;0;0;0;0;0;0;0;0;0;0;0
P10809;0;0;0;0;0;0;0;0;0;0;0;0
P11021;0;0;0;0;0;0;0;0;0;0;0;0
P11142;0;0;0;0;0;0;0;0;0;0;0;0
P11171-2;1;1;1;1;1;1;0;1;0;1;1;0
P11172;0;0;0;0;0;0;0;0;0;0;0;0
P11182;0;0;0;0;0;0;0;0;0;0;0;0
P11216;0;0;0;0;0;0;0;0;0;0;0;0
P11233;1;1;1;0;1;0;0;1;0;0;1;0
P11234;0;0;0;0;0;0;0;0;0;0;0;0
P11274-2;0;0;0;0;0;0;0;0;0;0;1;0
P11388;0;0;0;0;0;0;0;0;0;0;0;0
P11413;0;0;0;0;0;0;0;0;0;0;0;0
P11498;0;0;0;0;0;0;0;0;0;0;0;0
P11802;0;0;0;0;0;0;0;0;0;0;0;0
P12004;0;0;0;0;0;0;0;0;0;0;0;0
P12081-4;0;0;0;0;0;0;0;0;0;0;0;0
P12235;0;0;0;0;0;0;0;0;0;0;0;0
P12236;0;0;0;0;0;0;0;0;0;0;0;0
P12268;0;1;0;0;1;0;0;1;0;0;1;0
P12277;0;0;0;0;0;0;0;0;0;0;0;0
P12814;1;1;1;1;1;1;1;1;1;1;1;1
P12931;0;0;0;0;0;0;0;0;0;0;0;0
P12955;0;0;0;0;0;0;0;0;0;0;0;0
P12956;0;0;0;0;0;0;0;0;0;0;0;0
P13010;0;0;0;0;0;0;0;0;0;0;0;0
P13073;0;0;0;0;0;0;0;0;0;0;0;0
P13489;0;0;0;0;0;0;0;0;0;0;0;0
P13612;0;0;0;0;0;0;0;0;0;0;0;0
P13639;0;0;0;0;0;0;0;0;0;0;0;0
P13796;0;0;0;0;0;0;0;0;0;0;0;0
P13797;1;1;1;1;1;1;1;1;1;1;1;1
P14174;1;0;1;1;0;1;1;0;1;1;0;1
P14373;0;0;0;0;0;0;0;0;0;0;0;0
P14618;0;0;0;0;0;0;0;0;0;0;0;0
P14625;0;0;0;0;0;0;0;0;0;0;0;0
P14635-2;0;0;0;0;0;0;0;0;0;0;0;0
P14735;0;0;0;0;0;0;0;0;0;0;0;0
P14866;0;0;0;0;0;0;0;0;0;0;0;0
P14868;0;0;0;0;0;0;0;0;1;0;0;1
P14923;0;0;0;0;0;0;0;0;0;0;0;0
P15170-2;1;1;1;1;1;1;1;1;1;1;1;1
P15880;0;0;0;0;0;0;0;0;0;0;0;0
P15924;0;0;0;0;0;0;0;0;0;0;0;0
P16152;0;0;0;0;0;0;0;0;0;0;0;0
P16403;0;0;0;0;0;0;0;0;0;0;0;0
P16615;0;0;0;0;0;0;0;0;0;0;0;0
P17252;0;0;0;0;0;0;0;0;0;0;0;0
P17301;1;1;1;1;1;0;1;1;1;1;1;0
P17655;0;1;0;0;1;0;0;1;0;0;1;0
P17812;0;0;0;0;0;0;0;0;0;0;0;0
P17858;0;0;0;0;0;0;0;0;0;0;0;0
P17931;1;1;1;0;1;0;0;1;0;1;1;0
P17987;0;0;0;0;0;0;0;0;0;0;0;0
P18031;1;1;0;1;1;0;0;1;0;1;1;1
P18085;0;0;0;0;0;0;0;0;0;0;0;0
P18124;0;0;0;0;0;0;0;0;0;0;0;0
P18206-2;0;1;1;1;1;0;1;1;1;1;1;0
P18433-4;0;0;0;0;0;0;0;0;0;0;0;0
P18669;0;0;0;0;0;0;0;0;0;0;0;0
P19022-2;1;1;1;1;1;1;1;1;1;1;1;1
P19174;0;1;0;0;1;0;0;0;0;0;1;0
P19338;0;0;0;0;0;0;0;0;0;0;0;0
P19367-4;0;0;0;0;0;0;0;0;0;0;0;0
P19387;0;0;0;0;0;0;0;0;0;0;0;0
P19525;0;0;0;0;0;0;0;0;0;0;0;0
P19784;0;0;0;0;0;0;0;0;0;0;0;0
P20020;1;1;1;1;1;1;1;1;1;1;1;1
P20073-2;1;1;1;1;1;1;1;1;1;1;1;1
P20339-2;0;0;0;0;0;0;0;0;0;0;0;0
P20340;0;0;0;0;0;0;0;0;0;0;0;0
P20700;0;0;0;0;0;0;0;0;0;0;0;0
P20839;0;0;0;0;0;0;0;0;0;0;0;0
P20929-3;0;0;0;0;0;0;0;0;0;0;0;0
P21281;0;0;0;0;0;0;0;0;0;0;0;0
P21291;0;0;0;0;0;0;0;0;0;0;0;0
P21359-2;0;0;0;0;0;0;0;0;0;0;0;0
P21796;0;0;0;0;0;0;0;0;0;0;0;0
P22059;0;0;0;0;0;0;0;0;0;0;0;0
P22087;0;0;0;0;0;0;0;0;0;0;0;0
P22102;1;1;1;1;1;1;1;1;1;1;1;1
P22234;0;0;0;0;0;0;0;0;0;0;0;0
P22314-2;0;0;0;0;0;0;0;0;0;0;0;0
Q32Q12;0;0;0;0;0;0;0;0;0;0;0;0
P22626;0;0;0;0;0;0;0;0;0;0;0;0
P22681;0;0;0;0;0;0;0;0;0;0;0;0
P22695;0;0;0;0;0;0;0;0;0;0;0;0
P23229-4;1;1;1;0;1;0;0;1;0;1;1;0
P23246;0;0;0;0;0;0;0;0;0;0;0;0
P23258;0;0;0;0;0;0;0;0;0;0;0;0
P23284;0;0;0;0;0;0;0;0;0;0;0;0
P23381;0;0;0;0;0;0;0;0;0;0;0;0
P23396;0;0;0;0;0;0;0;0;0;0;0;0
P23458;1;1;0;0;1;0;0;1;0;0;1;0
P23470-2;0;0;0;0;0;0;0;0;0;0;0;0
P23526;0;0;0;0;0;0;0;0;0;0;0;0
P23528;1;1;0;1;1;0;1;1;0;1;1;0
P23634-7;1;1;1;1;1;1;1;1;1;1;1;1
P23921;0;0;0;0;0;0;0;0;0;0;0;0
P24534;0;0;0;0;0;0;0;0;0;0;0;0
P24539;0;0;0;0;0;0;0;0;0;0;0;0
P24666;0;0;0;0;0;0;0;0;0;0;0;0
P24723-2;0;0;0;0;0;0;0;0;0;0;0;0
P24752;0;0;0;0;0;0;0;0;0;0;0;0
P24928;0;0;0;0;0;0;0;0;0;0;0;0
P25054-2;0;0;0;0;0;0;0;0;0;0;0;0
P25205;0;0;0;0;0;0;0;0;0;0;0;0
P25398;0;0;0;0;0;0;0;0;0;0;0;0
P25685-2;0;0;0;0;0;0;0;0;0;0;0;0
P25705-2;0;0;0;0;0;0;0;0;0;0;0;0
P25786;0;0;0;0;0;0;0;0;0;0;0;0
P25788-2;0;0;0;0;0;0;0;0;0;0;0;0
P25789;0;0;0;0;0;0;0;0;0;0;0;0
P26006;0;0;0;0;0;0;0;0;0;0;0;0
P26038;0;0;1;1;0;0;1;0;0;0;0;0
P26358;0;0;0;0;0;0;0;0;0;0;0;0
P26368;0;0;0;0;0;0;0;0;0;0;0;0
P26373;0;0;0;0;0;0;0;0;0;0;0;0
P26599-3;0;0;0;0;0;0;0;0;0;0;0;0
P26639;0;0;0;0;0;0;0;0;0;0;0;0
P26640;0;0;0;0;0;0;0;0;0;0;0;0
P26641;0;0;0;0;0;0;0;0;0;0;0;0
P27348;1;0;0;1;0;0;1;0;0;1;0;0
P27635;0;0;0;0;0;0;0;0;0;0;0;0
P27824;0;0;0;0;0;0;0;0;0;0;0;0
P27986;0;0;0;0;0;0;0;0;0;0;0;0
P28074;0;0;0;0;0;0;0;0;0;0;0;0
P28288;0;0;0;0;0;0;0;0;0;0;0;0
Q5VZU9;0;0;0;0;0;0;0;0;0;0;0;0
P29317;0;1;1;0;1;1;0;1;1;0;1;1
P29401;0;0;0;0;0;0;0;0;0;0;0;0
P29966;0;0;0;0;0;0;0;0;0;0;1;0
P29992;1;1;0;0;0;0;0;0;0;0;0;0
P30041;1;1;1;0;1;1;1;1;1;1;1;1
P30048-2;0;0;0;0;0;0;0;0;0;0;0;0
P30050;0;0;0;0;0;0;0;0;0;0;0;0
P30086;0;0;0;0;0;0;0;0;0;0;0;0
P30153;0;1;1;0;1;1;1;1;1;0;1;1
P30307-2;0;0;0;0;0;0;0;0;0;0;0;0
P30419-2;0;0;0;0;0;0;0;0;0;0;0;0
P30520;1;1;1;0;0;0;0;1;1;1;1;1
P30837;0;0;0;0;0;0;0;0;0;0;0;0
P31025;0;0;0;0;0;0;0;0;0;0;0;0
P31153;0;0;0;0;0;0;0;0;0;0;0;0
P31323;0;0;0;0;0;0;0;0;0;0;0;0
P31350;0;0;0;0;0;0;0;0;0;0;0;0
P31689;0;0;0;0;0;0;0;0;0;0;0;0
P31751;0;0;0;0;1;0;0;0;0;0;0;0
P31939-2;0;0;0;0;0;0;0;0;0;0;0;0
P31946-2;0;0;0;0;0;0;0;0;0;0;0;0
P31947-2;0;1;1;0;1;0;0;1;1;0;1;0
P31948;1;0;0;1;1;0;1;0;0;1;0;0
P31949;0;0;0;0;0;0;0;0;0;0;0;0
P32119;1;0;0;0;0;0;0;0;0;1;0;0
P32121;0;0;0;0;0;0;0;0;0;0;0;0
P32189-1;0;0;0;0;0;0;0;0;0;0;0;0
P32969;0;0;0;0;0;0;0;0;0;0;0;0
P33176;1;1;1;1;1;1;1;1;1;1;1;1
P33981-2;0;0;0;0;0;0;0;0;0;0;1;0
P33991;0;0;0;0;0;0;0;0;0;0;0;0
P33992;0;0;0;0;0;0;0;0;0;0;0;0
P33993;0;0;0;0;0;0;0;0;0;0;0;0
P34897-3;0;0;0;0;0;0;0;0;0;0;0;0
P34932;0;0;0;0;0;0;0;0;0;0;0;0
P35221;1;1;1;1;1;1;1;1;1;1;1;1
P35222;1;1;1;1;1;1;1;1;1;1;1;1
P35232;0;0;0;0;0;0;0;0;0;0;0;0
P35240-4;0;0;0;0;0;0;0;0;0;0;0;0
P35241;0;0;0;0;0;0;0;0;0;0;0;0
P35250-2;0;0;0;0;0;0;0;0;0;0;0;0
P35251;0;0;0;0;0;0;0;0;0;0;0;0
P35268;0;0;0;0;0;0;0;0;0;0;0;0
P35579;0;0;0;0;0;0;1;0;0;0;0;0
P35580;0;0;0;0;0;0;1;0;0;1;0;0
P35611;1;1;0;0;1;0;0;1;0;0;1;0
P35637;0;0;0;0;0;0;0;0;0;0;0;0
P35658-2;0;0;0;0;0;0;0;0;0;0;0;0
P35659;0;0;0;0;0;0;0;0;0;0;0;0
P35998;0;0;0;0;0;0;0;0;0;0;0;0
P36507;0;0;0;0;0;0;0;0;0;0;0;0
P36542-2;0;0;0;0;0;0;0;0;0;0;0;0
P36578;0;0;0;0;0;0;0;0;0;0;0;0
X6RJP6;0;1;1;0;1;1;0;1;1;0;1;0
P38117;0;0;0;0;0;0;0;0;0;0;0;0
P38159;0;0;0;0;0;0;0;0;0;0;0;0
P38432;0;0;0;0;0;0;0;0;0;0;0;0
P38606-2;0;0;0;0;0;0;0;0;0;0;0;0
P38646;0;0;0;0;0;0;0;0;0;0;0;0
P38919;0;0;0;0;0;0;0;0;0;0;0;0
P39019;0;0;0;0;0;0;0;0;0;0;0;0
P39023;0;0;0;0;0;0;0;0;0;0;0;0
P39748;0;0;0;0;0;0;0;0;0;0;0;0
P40189-3;0;0;0;0;0;0;0;0;0;0;0;0
P40222;1;1;1;1;1;1;1;1;1;1;1;1
P40227;0;0;0;0;0;0;0;0;0;0;0;0
P40429;0;0;0;0;0;0;0;0;0;0;0;0
P40616-2;0;0;0;0;0;0;0;0;0;0;0;0
P40763-3;0;0;0;0;0;0;0;0;0;0;1;0
P40818;0;0;0;0;0;0;0;0;0;0;0;0
P40925-2;0;0;0;0;0;0;0;0;0;0;0;0
P40926;0;0;0;0;0;0;0;0;0;0;0;0
P40937-2;0;0;0;0;0;0;0;0;0;0;0;0
P40938;0;0;0;0;0;0;0;0;0;0;0;0
P40939;0;0;0;0;0;0;0;0;0;0;0;0
P41091;0;0;0;0;0;0;0;0;0;0;0;0
P41240;0;0;0;0;1;0;0;0;0;0;0;0
P41250;0;0;0;0;0;0;0;0;0;0;0;0
P41252;0;0;0;0;0;1;0;1;1;0;1;1
P41440;0;0;0;0;0;0;0;0;0;0;0;0
P41743;1;1;1;0;1;1;1;1;1;0;1;0
P42166;0;0;0;0;0;0;0;0;0;0;0;0
P42167;0;0;0;0;0;0;0;0;0;0;0;0
P42224;0;0;0;0;0;0;0;0;0;0;0;0
P42285;0;0;0;0;0;0;0;0;0;0;0;0
P42336;0;0;0;0;0;0;0;0;0;0;0;0
P42345;0;0;0;0;0;0;0;0;0;0;0;0
P42356;1;1;1;1;1;1;1;1;1;1;1;1
P42566;0;0;0;0;0;0;0;1;1;0;0;0
P42574;0;0;0;0;0;0;0;0;0;0;0;0
P42677;0;0;0;0;0;0;0;0;0;0;0;0
P42684-7;0;0;0;0;0;0;0;0;0;0;0;0
P42704;0;0;0;0;0;0;0;0;0;0;0;0
P42766;0;0;0;0;0;0;0;0;0;0;0;0
P43007;0;0;0;0;0;0;0;0;0;0;0;0
P43034;0;0;0;0;0;0;0;0;0;0;0;0
P43121;0;0;0;0;0;0;0;0;0;0;0;0
P43246;0;0;0;0;0;0;0;0;0;0;0;0
P43304;0;0;0;0;0;0;0;0;0;0;0;0
P43487-2;0;0;0;0;0;0;0;0;0;0;0;0
P43490;0;0;0;0;0;0;0;0;0;0;0;0
P43686;0;0;0;0;0;0;0;0;0;0;0;0
P45880;0;0;0;0;0;0;0;0;0;0;0;0
P45974-2;0;0;0;0;0;0;0;0;0;0;0;0
P46013;1;1;1;1;1;1;1;1;1;1;1;1
P46060;0;1;0;0;1;0;0;1;0;0;1;0
P46063;0;0;0;0;0;0;0;0;0;0;0;0
P46109;1;1;1;1;1;0;1;1;0;1;1;0
P46531;0;0;0;0;0;0;0;0;0;0;0;0
P46734-2;0;0;0;0;0;0;0;0;0;0;0;0
P46776;0;0;0;0;0;0;0;0;0;0;0;0
P46777;0;0;0;0;0;0;0;0;0;0;0;0
P46778;0;0;1;0;0;0;0;0;1;0;0;1
P46779;0;0;0;0;0;0;0;0;0;0;0;0
P46783;0;0;0;0;0;0;0;0;0;0;0;0
P46821;1;1;1;1;1;1;1;1;1;1;1;1
P46939;1;1;1;1;1;1;1;1;1;1;1;1
P46940;1;1;1;1;1;1;1;1;1;1;1;1
P46977;0;0;0;0;0;0;0;0;0;0;0;0
P47755;0;1;0;0;0;0;0;0;0;0;1;0
P47756-2;1;1;1;0;0;0;0;0;0;0;1;0
P47897;0;0;0;0;0;1;0;0;1;0;0;1
P47914;0;0;0;0;0;0;0;0;0;0;0;0
P47974;0;0;0;0;0;0;0;0;0;0;0;0
P48047;0;0;0;0;0;0;0;0;0;0;0;0
P48147;0;0;0;0;0;0;0;0;0;0;0;0
P48426-2;0;0;0;0;0;0;0;0;0;0;0;0
P48507;0;0;0;0;0;0;0;0;0;0;0;0
P48634;1;1;1;1;1;1;1;1;1;1;1;1
P48651;0;0;0;0;0;0;0;0;0;0;0;0
P48729-3;0;0;0;0;0;0;0;0;0;0;0;0
P49006;0;0;0;0;0;0;0;0;0;0;0;0
P49207;0;0;0;0;0;0;0;0;0;0;0;0
P49247;0;0;0;0;0;0;0;0;0;0;1;0
P49321;0;0;0;0;0;0;0;0;0;0;0;0
P49327;0;0;0;0;0;0;0;0;1;0;1;1
P49368;0;0;0;0;0;0;0;0;0;0;0;0
P49411;0;0;0;0;0;0;0;0;0;0;0;0
P49458;0;0;0;0;0;0;0;0;0;0;0;0
P49588;0;0;0;0;1;1;0;1;1;0;1;0
Q5T5C7;0;0;0;0;0;0;0;0;0;0;0;0
P49756;0;0;0;0;0;0;0;0;0;0;0;0
P49757-4;0;1;0;0;1;0;0;0;0;0;1;0
P49770;0;0;0;0;0;0;0;0;0;0;0;0
P49773;0;0;0;0;0;0;0;0;0;0;0;0
P49790-3;0;0;0;0;1;0;0;1;0;0;1;0
P49792;1;1;1;1;1;1;1;1;1;1;1;1
P49915;0;0;0;0;0;0;0;0;0;0;0;0
P49916-3;0;0;0;0;0;0;0;0;0;0;0;0
P50148;0;0;0;0;0;0;0;0;0;0;0;0
P50225;0;0;0;0;0;0;0;0;0;0;0;0
P50395;1;1;1;1;1;1;1;1;1;1;1;1
P50402;0;0;0;0;0;0;0;0;0;0;0;0
P50443;0;0;0;0;0;0;0;0;0;0;0;0
P50454;0;0;0;0;0;0;0;0;0;0;0;0
P50502;0;0;0;0;0;0;0;0;0;0;0;0
P50570-5;0;0;0;0;0;0;0;0;0;0;0;0
P50851-2;0;0;0;0;0;0;0;0;0;0;0;0
P50914;0;0;0;0;0;0;0;0;0;0;0;0
P50990;0;0;0;0;0;0;0;0;0;0;0;0
P50991;0;0;0;0;0;0;0;0;0;0;0;0
P50995;1;1;1;1;1;1;1;1;1;1;1;1
P51114-2;1;1;1;1;1;1;1;1;1;1;1;1
P51116;0;1;1;1;1;0;1;1;0;0;1;0
P51148;0;0;0;0;0;0;0;0;0;0;0;0
P51149;0;0;1;1;1;0;0;0;0;0;1;0
P51151;0;0;0;0;0;0;0;0;0;0;0;0
P51153;0;1;0;0;0;0;0;0;0;0;0;0
P51570;0;0;0;0;0;0;0;0;0;0;0;0
P51571;0;0;0;0;0;0;0;0;0;0;0;0
P51572;0;0;0;0;0;0;0;0;0;0;0;0
P51659;0;0;0;0;0;0;0;0;0;0;0;0
P51692;0;0;0;0;0;0;0;0;0;0;0;0
P51812;0;0;0;0;0;0;0;0;0;0;0;0
P51991;0;0;0;0;0;0;0;0;0;0;0;0
P52209-2;0;0;0;0;0;0;0;0;0;0;0;0
P52272-2;0;0;0;0;0;0;0;0;0;0;0;0
P52292;0;0;0;0;0;0;0;0;0;0;0;0
P52597;0;0;0;0;0;0;0;0;0;0;0;0
P52701;0;0;0;0;0;0;0;0;0;0;0;0
P52732;1;1;1;1;1;1;1;1;1;1;1;1
P52799;1;1;1;1;1;1;1;1;1;1;1;0
P52888;0;0;0;0;0;0;0;0;0;0;0;0
P52907;1;1;1;1;1;1;1;1;1;1;1;1
P53004;0;0;0;0;0;0;0;0;0;0;0;0
P53007;0;0;0;0;0;0;0;0;0;0;0;0
P53350;0;0;0;0;0;0;0;0;0;0;0;0
P53384-2;0;0;0;0;0;0;0;0;0;0;0;0
P53396-2;0;0;0;0;0;1;0;0;1;0;0;1
P53618;0;0;0;0;0;1;0;0;0;0;0;1
P53621;0;0;0;0;0;0;0;0;0;0;0;0
P53985;0;0;0;0;0;0;0;0;0;0;0;0
P53992;1;1;1;1;1;0;1;1;0;1;1;0
P54105;0;0;0;0;0;0;0;0;0;0;0;0
P54136;0;1;0;0;1;0;0;1;0;0;1;0
P54578-2;0;0;0;0;0;0;0;0;0;0;0;0
P54619-2;0;0;0;0;0;0;0;0;0;0;0;0
P54709;1;0;0;0;0;0;0;0;0;0;0;0
Q96L35;1;1;1;1;1;1;0;0;0;1;1;0
P54886-2;0;0;0;0;0;0;0;0;0;0;0;0
P55010;0;0;0;0;0;0;0;0;0;0;0;0
P55011-3;1;1;1;1;1;1;1;1;1;1;1;1
Q5VWC4;0;0;0;0;0;0;0;0;0;0;0;0
P55060-3;0;0;0;0;0;0;0;0;0;0;0;0
P55072;1;1;1;1;1;1;1;1;1;0;1;0
P55082;0;0;0;0;0;0;0;0;0;0;0;0
P55084;0;0;0;0;0;0;0;0;0;0;0;0
P55210-2;0;1;0;0;0;0;0;0;0;0;0;0
P55884;0;0;0;0;0;0;0;0;0;0;0;0
P56182;0;0;0;0;0;0;0;0;0;0;0;0
P56192;0;0;0;0;0;0;0;0;1;0;0;1
P56199;0;0;0;0;0;0;0;0;0;0;0;0
P56537;0;0;0;0;0;0;0;0;0;0;0;0
P56937-3;0;0;0;0;0;0;0;0;0;0;0;0
P56945-8;0;0;0;0;0;0;0;0;0;0;0;0
P57088;0;0;0;0;0;1;0;0;0;0;0;1
P58107;1;1;1;1;1;1;1;1;1;1;1;1
P58317;0;0;0;0;0;0;0;0;0;0;0;0
P60174-1;0;0;0;0;0;0;0;0;0;0;0;0
P60228;0;0;0;0;0;0;0;0;0;0;0;0
P60468;0;0;0;0;0;0;0;0;0;0;0;0
P60709;0;0;0;0;0;0;0;0;0;1;0;0
P60842;0;0;0;0;0;0;0;0;0;0;0;0
P60866;0;0;0;0;0;0;0;0;0;0;0;0
P60891;0;0;0;0;0;0;0;0;0;0;0;0
P60953;1;1;1;1;1;1;1;1;1;1;1;0
P60981;0;0;0;0;0;0;0;0;0;0;0;0
P61006;0;0;0;0;0;0;0;0;0;0;0;0
P61019;0;0;0;0;0;0;0;0;0;0;0;0
P61020;0;0;0;0;0;0;0;0;0;0;0;0
P61026;0;0;0;0;0;0;0;0;0;0;0;0
P61081;0;0;0;0;0;0;0;0;0;0;0;0
P61106;0;1;0;0;1;0;0;1;0;0;1;0
P61158;0;0;0;0;0;0;0;0;0;0;0;0
P61163;0;0;0;0;0;0;0;0;0;0;0;0
P61221;0;0;0;0;0;0;0;1;0;0;0;0
P61247;0;0;0;0;0;0;0;0;0;0;0;0
P61289;0;0;0;0;0;0;0;0;0;0;0;0
P61313;0;0;0;0;0;0;0;0;0;0;0;0
P61353;0;0;0;0;0;0;0;0;0;0;0;0
P61513;0;0;0;0;0;0;0;0;0;0;0;0
P61586;1;1;1;1;1;1;1;1;1;1;1;0
P61604;0;0;0;0;0;0;0;0;0;0;0;0
P61626;0;0;0;0;0;0;0;0;0;0;0;0
P61927;0;0;0;0;0;0;0;0;0;0;0;0
P61962;0;0;0;0;0;0;0;0;0;0;0;0
P61978-2;0;0;0;0;0;0;0;0;0;0;0;0
P61981;0;0;0;0;0;0;0;0;0;0;0;0
P62070;0;0;0;0;0;0;0;0;0;0;0;0
P62081;0;0;0;0;0;0;0;0;0;0;0;0
P62136;1;1;1;1;1;1;1;1;1;1;1;1
P62140;0;0;0;0;0;0;0;0;0;0;0;0
P62191;0;0;0;0;0;0;0;0;0;0;0;0
P62195;0;0;0;0;0;0;0;0;0;0;0;0
P62241;0;0;0;0;0;0;0;0;0;0;0;0
P62244;0;0;0;0;0;0;0;0;0;0;0;0
P62249;0;0;0;0;0;0;0;0;0;0;0;0
P62258;0;0;0;0;0;0;0;0;0;0;0;0
P62263;0;0;0;0;0;0;0;0;0;0;0;0
P62266;0;0;0;0;0;0;0;0;0;0;0;0
P62269;0;0;0;0;0;0;0;0;0;0;0;0
P62273;0;0;0;0;0;0;0;0;0;0;0;0
P62277;0;0;0;0;0;0;0;0;0;0;0;0
P62280;0;0;0;0;0;0;0;0;0;0;0;0
P62304;0;0;0;0;0;0;0;0;0;0;0;0
P62310;0;0;0;0;0;0;0;0;0;0;0;0
P62314;0;0;0;0;0;0;0;0;0;0;0;0
P62318;0;0;0;0;0;0;0;0;0;0;0;0
P62424;0;0;0;0;0;0;0;0;0;0;0;0
P62495;0;0;0;0;0;0;0;0;0;0;0;0
P62633-2;0;0;0;0;0;0;0;0;0;0;0;0
P62701;0;0;0;0;0;0;0;0;0;0;0;0
P62745;0;1;0;0;0;0;0;0;0;0;1;0
P62750;0;0;0;0;0;0;0;0;0;0;0;0
P62753;0;0;0;0;0;0;0;0;0;0;0;0
P62805;0;0;0;0;0;0;0;0;0;0;0;0
P62820;0;0;0;0;0;0;0;0;0;0;0;0
P62829;0;0;0;0;0;0;0;0;0;0;0;0
P62834;0;0;0;0;0;0;0;0;0;0;0;0
P62851;0;0;0;0;0;0;0;0;0;0;0;0
P62854;0;0;0;0;0;0;0;0;0;0;0;0
P62857;0;0;0;0;0;0;0;0;0;0;0;0
P62861;0;0;0;0;0;0;0;0;0;0;0;0
P62873;0;0;0;0;0;0;0;0;0;0;0;0
P62875;0;0;0;0;0;0;0;0;0;0;0;0
P62879;0;0;0;0;0;0;0;0;0;0;0;0
P62891;0;0;0;0;0;0;0;0;0;0;0;0
P62906;0;0;0;0;0;0;0;0;0;0;0;0
P62913;0;0;0;0;0;0;0;0;0;0;0;0
P62917;0;0;0;0;0;0;0;0;0;0;0;0
P62937;0;0;0;0;0;0;0;0;0;0;0;0
P62979;0;0;0;0;0;0;0;0;0;0;0;0
P62993;0;0;0;0;0;0;0;0;0;0;0;0
P63000;1;1;1;1;1;1;1;1;1;1;1;0
P63010;0;0;0;0;0;0;0;0;0;0;0;0
P63092-4;1;1;1;1;0;1;1;1;1;1;1;1
P63104;0;0;0;0;0;0;0;0;0;0;0;0
P63151;0;1;1;1;1;1;1;1;1;1;1;1
P63167;0;1;1;1;1;1;0;1;0;0;1;0
P63173;0;0;0;0;0;0;0;0;0;0;0;0
P63244;0;0;0;0;0;0;0;0;0;0;0;0
P67775;1;0;0;0;0;0;0;0;0;0;0;0
P67809;0;0;0;0;0;0;0;0;0;0;0;0
P67936;0;0;0;0;0;0;0;0;0;0;0;0
P68104;0;0;0;0;0;0;0;0;0;0;0;0
P68363;0;0;1;1;0;1;0;0;1;0;0;1
P68371;0;0;0;0;0;0;0;0;0;0;0;0
P78310;1;1;1;1;1;1;1;1;1;1;1;1
P78316;0;0;0;0;0;0;0;0;0;0;0;0
P78318;0;0;0;0;0;0;0;0;0;0;0;0
P78324;0;0;0;0;0;0;0;0;0;0;0;0
P78347-2;0;0;0;0;0;0;0;0;0;0;0;0
P78371;0;0;0;0;0;0;0;0;0;0;0;0
P78417;0;0;0;0;0;0;0;0;0;0;0;0
P78527;0;0;0;0;0;0;0;0;0;0;0;0
P80723;1;1;1;0;1;0;0;1;1;1;1;0
P81605;0;0;0;0;0;0;0;0;0;0;0;0
P82932;0;0;0;0;0;0;0;0;0;0;0;0
P84022;0;0;0;0;0;0;0;0;0;0;0;0
P84077;0;1;1;0;1;1;0;1;1;0;1;0
P84090;0;0;0;0;0;0;0;0;0;0;0;0
P84095;0;0;0;0;0;0;0;0;0;0;0;0
P85298-2;0;0;0;0;0;0;0;0;0;0;0;0
P98170;0;0;0;0;0;0;0;0;0;0;0;0
P98172;1;1;1;1;1;1;1;1;1;1;1;1
Q00013-2;0;0;0;0;0;0;0;0;0;0;0;0
Q00059;0;0;0;0;0;0;0;0;0;0;0;0
Q00325-2;0;0;0;0;0;0;0;0;0;0;0;0
Q00535;0;0;0;0;0;0;0;0;0;0;0;0
Q00587-2;0;0;0;0;0;0;0;0;0;0;0;0
Q00653;0;0;0;0;0;0;0;0;0;0;0;0
Q00688;0;0;0;0;0;0;0;0;0;0;0;0
Q00839-2;0;0;0;0;0;0;0;0;0;0;0;0
Q01085;0;0;0;0;0;0;0;0;0;0;0;0
Q01518;0;0;0;0;1;0;0;0;0;0;0;0
Q01650;0;0;0;0;0;0;0;0;0;0;0;0
Q01804;0;0;0;0;0;0;0;0;0;0;0;0
Q01813;0;0;0;0;0;0;0;0;0;0;0;0
Q01970;0;0;0;0;0;0;0;0;0;0;0;0
Q01974;1;1;1;0;1;1;0;1;1;1;1;0
Q02241;0;0;0;0;0;0;0;0;0;0;0;0
Q02413;0;0;0;0;0;0;0;0;0;0;0;0
Q02487-2;0;0;0;0;0;0;0;0;0;0;0;0
Q02750-2;0;0;0;0;0;0;0;0;0;0;0;0
Q02790;0;0;0;0;0;0;0;0;0;0;0;0
Q02878;0;0;0;0;0;0;0;0;0;0;0;0
Q02880;0;0;0;0;0;0;0;0;0;0;0;0
Q02952-3;0;0;0;0;0;0;0;0;1;1;1;0
Q02978;0;0;0;0;0;0;0;0;0;0;0;0
Q04656-5;0;0;0;0;0;0;0;0;0;0;0;0
Q04721;1;1;1;1;1;1;1;1;1;1;1;0
Q04760;0;0;0;0;0;0;0;0;0;0;0;0
Q04864-2;0;0;0;0;0;0;0;0;0;0;0;0
Q04917;0;0;0;0;0;0;0;0;0;0;0;0
Q05209-2;0;0;0;0;0;0;0;0;0;0;0;0
Q5T760;0;0;0;0;0;0;0;0;0;0;0;0
Q06124-2;1;1;1;1;1;1;1;1;1;1;1;1
Q06203;0;0;0;0;0;0;0;0;0;0;1;0
Q06210-2;1;1;1;1;1;1;1;1;1;1;1;1
Q06323;0;0;0;0;0;0;0;0;0;0;0;0
Q06587;0;0;0;0;0;0;0;0;0;0;0;0
Q06787-8;0;0;0;0;0;0;0;0;0;0;0;0
Q06830;0;0;0;0;1;0;0;1;0;0;1;0
Q07020;0;0;0;0;0;0;0;0;0;0;0;0
Q07065;0;0;0;0;0;0;0;0;0;0;0;0
Q07666;0;0;0;0;0;0;0;0;0;0;0;0
Q08211;0;0;0;0;0;0;0;0;0;0;0;0
Q08357;0;0;0;0;0;0;0;0;0;0;0;0
Q08380;0;0;0;0;0;0;0;0;0;0;0;0
Q08554-2;0;0;0;0;0;0;0;0;0;0;0;0
Q08AD1-2;0;0;0;0;0;0;0;0;0;0;0;0
Q08J23;0;0;0;0;0;0;0;0;0;0;0;0
Q09666;0;0;0;0;0;0;0;0;0;0;0;0
Q12756;0;1;0;0;1;0;0;1;1;1;1;0
Q12774;0;0;0;0;0;0;0;0;0;0;0;0
Q12789-3;0;0;0;0;0;0;0;0;0;0;0;0
Q12792;0;0;0;0;0;0;0;0;0;0;0;0
Q12800-4;0;0;0;0;0;0;0;0;0;0;0;0
Q12802-4;0;0;0;0;0;0;0;0;0;0;0;0
Q12830-2;0;0;0;0;0;0;0;0;0;0;0;0
Q12834;0;0;0;0;0;0;0;0;0;0;0;0
Q12846;0;0;0;0;0;0;0;0;0;0;0;0
Q12874;0;0;0;0;0;0;0;0;0;0;0;0
Q12904-2;0;0;0;0;0;0;0;0;0;0;0;0
Q12906-5;0;0;0;0;0;0;0;0;0;0;0;0
Q12907;0;0;0;0;0;0;0;0;0;0;0;0
Q12923-3;1;1;1;1;1;0;0;1;1;1;1;0
Q12929;1;1;1;1;1;1;1;1;1;1;1;1
Q12931-2;0;0;0;0;0;0;0;0;0;0;0;0
Q12933-3;0;0;0;0;0;0;0;0;0;1;1;0
Q12948;0;0;0;0;0;0;0;0;0;0;0;0
Q12955;1;1;1;1;1;1;1;1;1;1;1;1
Q12959-7;1;1;1;1;1;1;1;1;1;1;1;1
Q12965;0;0;0;0;0;0;0;0;0;0;0;0
Q13009;0;1;0;0;1;1;0;0;0;0;1;0
Q13011;0;0;0;0;0;0;0;0;0;0;0;0
Q13033-2;0;0;0;0;0;0;0;0;0;0;0;0
Q13043;0;0;0;0;0;0;0;0;0;0;0;0
Q13045-2;0;0;0;0;0;0;0;0;0;0;0;0
Q13057;0;0;0;0;0;0;0;0;0;0;0;0
Q13085;0;0;0;0;0;0;0;0;0;0;0;0
Q13123;0;0;0;0;0;0;0;0;0;0;0;0
Q13131-2;0;1;0;0;1;0;0;1;0;0;1;0
Q13136;1;1;1;1;1;1;1;1;1;1;1;1
Q13144;0;0;0;0;0;0;0;0;0;0;0;0
Q13148;0;0;0;0;0;0;0;0;0;0;0;0
Q13151;0;0;0;0;0;0;0;0;0;0;0;0
Q13155;0;0;0;0;0;1;0;0;1;0;0;1
Q13162;0;0;0;0;0;0;0;0;0;0;0;0
Q13177;0;0;0;0;0;0;0;0;0;0;0;0
Q13185;0;0;0;0;0;0;0;0;0;0;0;0
Q13200-3;0;0;0;0;0;0;0;0;0;0;0;0
Q13263;0;0;0;0;0;0;0;0;0;0;0;0
Q13283;0;1;0;1;1;0;0;0;0;0;0;0
Q13308-4;0;0;0;0;0;0;0;0;0;0;0;0
Q13310-3;1;1;1;1;1;1;1;1;1;1;1;1
Q13325;0;0;0;0;0;0;0;0;0;0;0;0
Q13332-6;0;0;0;0;0;0;0;0;0;0;0;0
Q13347;0;0;0;0;0;0;0;0;0;0;0;0
Q13395;0;0;0;0;0;0;0;0;0;0;0;0
Q13409;0;0;0;0;0;0;0;0;0;0;0;0
Q13423;0;0;0;0;0;0;0;0;0;0;0;0
Q13425;1;1;1;1;1;1;1;1;1;1;1;1
Q13428-3;0;0;0;0;0;0;0;0;0;0;0;0
Q13433;0;1;1;0;0;0;0;1;1;0;1;0
Q13435;0;0;0;0;0;0;0;0;0;0;0;0
Q13442;0;0;0;0;0;0;0;0;0;0;0;0
Q13443;0;0;0;0;0;0;0;0;0;0;0;0
Q13480-2;1;0;1;0;0;0;0;0;0;0;0;0
Q13492;0;0;0;0;0;0;0;0;0;0;0;0
Q13501;1;0;0;0;0;0;0;0;0;1;0;0
Q13509;0;0;0;0;0;0;0;0;0;0;0;0
Q13526;0;0;0;0;0;0;0;0;0;0;0;0
Q13546;0;0;0;0;0;0;0;0;0;0;0;0
Q5TEE2;0;0;0;0;0;0;0;0;0;0;0;0
Q13554;0;0;0;0;0;0;0;0;0;0;0;0
Q13561;1;0;0;1;0;0;1;0;1;1;1;0
Q13572;0;0;0;0;0;0;0;0;0;0;0;0
Q13576;1;1;1;1;1;1;1;1;1;1;1;1
Q13596-2;0;0;0;0;0;0;0;0;0;0;0;0
Q13625;1;1;1;1;1;1;1;1;1;1;1;1
Q13627-2;0;0;0;0;0;0;0;0;0;0;0;0
Q13641;0;0;0;0;0;0;0;0;0;0;0;0
Q13642-1;1;1;1;1;1;1;1;1;1;1;1;1
Q13683-7;0;0;0;0;0;0;0;0;0;0;0;0
Q13724-2;0;0;0;0;0;0;0;0;0;0;0;0
Q13813;1;0;1;1;0;1;1;0;1;1;0;1
Q13838-2;0;0;0;0;0;0;0;0;0;0;0;0
Q13884;0;0;0;0;0;0;0;0;0;0;0;0
Q13895;0;0;1;0;0;0;0;0;1;0;0;1
Q14008-2;1;1;1;1;1;1;1;1;1;1;1;1
Q14012;0;0;0;0;0;0;0;0;0;0;0;0
Q14118;1;1;1;1;1;1;1;1;1;1;1;1
Q14126;1;1;1;1;1;1;1;1;1;1;1;1
Q14145;0;0;0;0;0;0;0;0;0;0;0;0
Q14152;0;0;0;0;0;0;0;0;0;0;0;0
Q14155-1;1;1;1;1;1;1;1;1;1;1;1;1
Q14157;0;1;0;0;1;0;0;0;0;0;1;0
Q14161;0;0;0;0;0;0;0;0;0;0;0;0
Q14166;0;0;0;0;0;0;0;0;0;0;0;0
Q14195-2;1;1;0;1;1;0;0;1;0;1;1;0
Q14204;0;0;0;0;0;0;0;0;0;0;0;0
Q14247;1;1;1;1;1;1;1;1;1;1;1;1
Q14257;0;0;0;0;0;0;0;0;0;0;0;0
Q14258;1;1;1;1;1;1;1;1;1;1;1;1
Q14318;0;0;0;0;0;0;0;0;0;0;0;0
Q14331;0;0;0;0;0;0;0;0;0;0;0;0
Q14344;0;0;0;0;0;0;0;0;0;0;0;0
Q14444-2;0;1;1;1;1;1;0;1;0;0;1;0
Q14498-2;0;0;0;0;0;0;0;0;0;0;0;0
Q14566;0;0;0;0;0;0;0;0;0;0;0;0
Q14573;0;0;0;0;0;0;0;0;0;0;0;0
Q14651;0;0;0;0;0;0;0;0;0;0;0;0
Q14669;0;0;0;0;0;0;0;0;0;0;0;0
Q5T1Z4;0;0;0;0;0;0;0;0;0;0;0;0
Q14674;0;0;0;0;0;0;0;0;0;0;0;0
Q14676-2;0;0;0;0;0;0;0;0;0;0;1;0
Q14677;0;0;0;0;0;0;0;0;0;0;0;0
Q14678;0;0;0;0;0;0;0;0;0;0;0;0
Q14680-3;0;0;0;0;0;0;0;0;0;0;0;0
Q14683;0;0;0;0;0;0;0;0;0;0;0;0
Q14684-2;0;0;0;0;0;0;0;0;0;0;0;0
Q14689-6;0;0;0;0;0;0;0;0;0;0;0;0
Q14690;0;0;0;0;0;0;0;0;0;0;0;0
Q14694;1;1;0;1;1;1;1;1;1;1;1;1
Q14697;0;0;0;0;0;0;0;0;0;0;0;0
Q14699;0;0;0;0;0;0;0;0;0;0;0;0
Q14739;0;0;0;0;0;0;0;0;0;0;0;0
Q14789-4;0;0;0;0;0;0;0;0;1;0;0;1
Q14790-3;0;0;0;0;0;0;0;0;0;0;0;0
Q14807;0;0;0;1;0;0;0;0;0;0;0;0
Q14847;1;1;1;1;1;1;1;1;1;1;1;1
Q14974;0;0;0;0;0;0;0;0;0;0;0;0
Q14978-3;0;0;0;0;0;0;0;0;0;0;0;0
Q14980-2;1;0;1;1;0;1;1;1;1;1;0;1
Q14999;0;0;0;0;0;0;0;0;0;0;0;0
Q14C86-3;1;1;0;1;1;1;1;1;1;1;1;0
Q15019-2;1;1;1;1;1;1;1;1;1;1;1;1
Q15021;0;0;0;0;0;0;0;1;1;0;1;1
Q15029-2;0;0;0;0;0;0;0;0;0;0;0;0
Q15042-4;0;0;0;0;0;0;0;0;0;0;0;0
Q15046;0;0;0;0;0;0;0;0;0;0;0;0
Q15052-2;0;0;0;0;0;0;0;0;0;0;0;0
Q15056-2;0;0;0;0;0;0;0;0;0;0;0;0
Q15058;0;1;0;0;1;0;0;1;0;0;1;0
Q15084-3;0;0;0;0;0;0;0;0;0;0;0;0
Q15154;1;0;0;0;0;1;0;0;1;1;0;1
Q15181;0;0;0;0;0;0;0;0;0;0;0;0
Q15223;0;0;0;0;0;0;0;0;0;0;0;0
Q15233;0;0;0;0;0;0;0;0;0;0;0;0
Q15262;1;1;1;0;1;0;0;1;1;1;1;1
Q15286;1;1;1;1;1;1;1;1;1;1;1;1
Q15293;0;0;0;0;0;0;0;0;0;0;0;0
Q15311;0;0;0;0;0;0;0;0;0;0;0;0
Q15334;1;1;1;1;1;1;1;1;1;1;1;1
Q15365;1;1;0;0;0;0;0;0;0;1;1;0
Q15366-2;0;0;0;0;1;0;0;0;0;0;0;0
Q15375-2;0;0;0;0;0;0;0;0;0;0;0;0
Q15382;0;0;0;0;0;0;0;0;0;0;0;0
Q15393;0;0;0;0;0;0;0;0;0;0;0;0
Q15398;0;1;0;0;1;0;0;1;0;1;1;0
Q15417;1;1;1;1;1;1;1;1;1;1;1;1
Q15437;0;1;1;0;1;1;0;1;1;0;1;1
Q15438-2;0;0;0;0;0;0;0;0;0;0;0;0
Q15477;0;0;0;0;0;0;0;0;0;0;0;0
Q15555-4;0;0;0;0;0;0;0;0;0;0;0;0
Q15599-2;0;0;0;0;0;0;0;0;0;0;0;0
Q15637-4;0;0;0;0;0;0;0;0;0;0;0;0
Q15645;0;1;0;0;1;0;0;1;0;0;1;0
Q15654;1;1;1;1;1;1;1;1;1;1;1;1
Q15678;0;0;0;0;0;0;0;0;0;0;0;0
Q15691;1;1;1;1;1;0;1;1;0;1;1;0
Q15717-2;0;0;0;0;0;0;0;0;0;0;0;0
Q15738;0;0;0;0;0;0;0;0;0;0;0;0
Q15750;0;0;0;0;0;0;0;0;0;0;0;0
Q15758;1;1;1;1;1;1;1;1;1;1;1;1
Q15768;0;0;0;0;0;0;0;0;0;0;0;0
Q15813;0;0;0;0;0;0;0;0;0;0;0;0
Q15836;0;0;0;0;0;0;0;0;0;0;0;0
Q16186;0;0;0;0;0;0;0;0;0;0;0;0
Q16204;1;1;1;1;1;0;1;1;1;1;1;1
Q16512;0;0;0;0;0;0;0;0;0;0;0;0
Q16513;1;1;1;1;1;1;1;1;1;1;1;1
Q16527;1;1;1;0;1;0;1;1;0;1;1;0
Q16531;0;0;0;0;0;0;0;0;0;0;0;0
Q16543;0;0;0;0;0;0;0;0;0;0;0;0
Q16576;0;0;0;0;0;0;0;0;0;0;0;0
Q16625-4;1;1;1;1;1;1;1;1;1;1;1;1
Q16643;1;1;1;0;1;0;0;1;0;0;1;0
Q16658;0;0;0;1;1;0;0;0;0;0;0;0
Q16795;0;0;0;0;0;0;0;0;0;0;0;0
Q17RS7;0;0;0;0;0;0;0;0;0;0;0;0
Q1RLN5;0;0;0;0;0;0;0;0;0;0;0;0
Q27J81-2;0;1;0;0;1;0;0;1;1;0;1;1
Q29RF7;0;0;0;0;0;0;0;0;0;0;0;0
Q2M1P5;0;0;0;0;0;0;0;0;0;0;0;0
Q2M2I8;0;0;0;0;0;0;0;0;0;0;0;0
Q2NKX8;0;0;0;0;0;0;0;0;0;0;0;0
Q2NL82;0;0;0;0;0;0;0;0;0;0;0;0
Q32MZ4-3;0;0;0;0;0;0;0;1;1;1;1;1
Q3KQU3-2;0;0;0;0;0;0;0;0;0;0;0;0
Q3LXA3;0;0;0;0;0;0;0;0;0;0;0;0
Q3MHD2-2;0;0;0;0;0;0;0;0;0;0;0;0
Q3V6T2-4;0;0;0;0;0;0;0;0;0;0;0;0
Q3YEC7;0;0;0;0;0;0;0;0;0;0;0;0
Q3ZCM7;0;0;0;0;1;1;0;0;0;0;0;0
Q3ZCQ8;0;0;0;0;0;0;0;0;0;0;0;0
Q4KMP7;1;1;1;1;1;1;0;1;1;1;1;1
Q4VCS5;1;1;1;0;1;0;0;0;0;0;1;0
Q504Q3-2;0;0;0;0;0;0;0;0;0;0;0;0
Q53EZ4;1;1;1;0;1;0;0;1;1;1;1;1
Q53GG5-2;0;0;0;0;0;0;0;0;0;0;0;0
Q53GQ0;0;0;0;0;0;0;0;0;0;0;0;0
Q58EX2-3;0;1;1;0;0;0;0;0;0;0;0;0
Q58EX7-2;0;0;0;0;0;0;0;0;0;0;0;0
Q58FF8;0;0;0;0;0;0;0;0;0;0;0;0
Q5BQ95;0;0;0;0;0;0;0;0;0;0;0;0
Q5C9Z4;0;0;0;0;0;0;0;0;0;0;0;0
Q5EBL8;0;0;0;0;0;0;0;0;0;0;0;0
Q5F1R6;0;0;0;0;0;0;0;0;0;0;0;0
Q5H909;0;0;0;0;0;0;0;0;0;0;0;0
Q5HYI8;0;0;0;0;0;0;0;0;0;0;0;0
Q5JRA6;0;0;0;0;0;0;0;0;0;0;0;0
Q5JSZ5;0;0;0;0;0;0;0;0;0;0;0;0
Q5JTH9-2;0;0;0;0;0;0;0;0;0;0;0;0
Q5JTZ9;0;0;0;0;0;0;0;0;0;0;0;0
Q5JUW8;0;0;0;0;0;0;0;0;0;0;0;0
Q5JVF3-3;0;0;0;0;0;0;0;0;0;0;0;0
Q5M775-4;0;0;0;0;0;0;0;0;0;0;0;0
Q93079;0;0;0;0;0;0;0;0;0;0;0;0
Q5QPM7;0;0;0;0;0;0;0;0;0;0;0;0
Q5RKV6;0;0;0;0;0;0;0;0;0;0;0;0
Q5SW79;1;1;1;1;1;1;1;1;1;1;1;1
Q5SYE7-2;0;1;1;0;0;0;0;1;0;0;1;0
Q5T0W9;0;0;0;0;0;0;0;0;0;0;0;0
Q5T0Z8;0;0;0;0;0;0;0;0;0;0;0;0
Q5T2T1;0;0;0;0;1;0;0;0;0;0;0;0
Q5T371;0;0;0;0;0;0;0;0;0;0;0;0
Q5T4S7-3;0;0;0;0;0;0;0;0;0;0;0;0
Q5T5C0-3;0;0;0;0;0;0;0;0;0;0;0;0
Q5T5U3;0;0;0;0;0;0;0;0;0;0;0;0
Q5T5Y3-3;0;0;0;0;0;0;0;0;0;0;0;0
Q5T6F2;0;1;0;0;1;0;0;1;0;0;1;0
Q5T6P1;0;0;0;0;0;0;0;0;0;0;0;0
Q5T749;0;0;0;0;0;0;0;0;0;0;0;0
Q5T9A4;0;0;0;0;0;0;0;0;0;0;0;0
Q5TCX8;0;0;0;0;0;0;0;0;0;0;0;0
Q5TDF0;0;0;0;0;0;0;0;0;0;0;0;0
Q5TFE4;0;0;0;0;0;0;0;0;0;0;0;0
Q5THK1-2;0;0;0;0;0;0;0;0;0;0;0;0
Q5UIP0;0;0;0;0;0;0;0;0;1;1;0;0
Q5VT25-5;1;1;1;1;1;0;1;1;1;1;1;0
Q5VUB5;0;0;0;0;0;0;0;0;0;0;0;0
Q5VUJ6-2;0;0;0;0;0;0;0;0;0;0;0;0
Q5VV42;0;0;0;0;0;0;0;0;0;0;0;0
Q5VYS8-6;0;0;0;0;0;0;0;0;0;0;0;0
Q5VZK9-2;0;0;0;0;0;0;0;0;0;0;0;0
Q60FE5;1;1;1;1;1;1;1;1;1;1;1;1
Q63ZY3-3;0;0;0;0;0;0;0;0;0;0;0;0
Q658Y4;0;0;0;0;0;0;0;0;0;0;0;0
Q66K74-2;0;1;0;0;1;0;0;1;0;0;1;0
Q68CZ6;0;0;0;0;0;0;0;0;0;0;0;0
Q68EM7-4;0;0;0;0;0;0;0;0;0;0;0;0
Q6FI81-3;1;1;1;1;1;1;1;1;1;1;1;1
Q6GQQ9;0;0;0;0;0;0;0;0;0;0;0;0
Q6IAA8;0;0;0;0;0;0;0;0;0;0;0;0
Q6KC79;0;0;0;0;0;0;0;0;0;0;0;0
Q6NSJ2;0;0;0;0;0;0;0;0;0;0;0;0
Q6NZI2;0;0;0;0;0;0;0;0;0;0;0;0
Q6P1J9;0;0;0;0;0;0;0;0;0;0;0;0
Q6P1L5;0;0;0;0;0;0;0;0;0;0;0;0
Q6P1L8;0;0;0;0;0;0;0;0;0;0;0;0
Q6P1M0;0;0;0;0;0;0;0;0;0;0;0;0
Q6P1N0;0;0;0;0;0;0;0;0;0;0;0;0
Q6P1Q9;0;0;0;0;0;0;0;0;0;0;0;0
Q6P2E9;1;1;1;1;1;1;1;1;1;1;1;1
Q6P2H3-2;0;1;0;0;1;0;0;1;0;0;1;0
Q6P2Q9;0;0;0;0;0;0;0;0;0;0;0;0
Q6P4A7;0;0;0;0;0;0;0;0;0;0;0;0
Q6P4Q7;0;0;0;0;0;0;0;0;0;0;0;0
Q6P5Z2;0;0;0;0;0;0;0;0;0;0;0;0
Q6P9B6;0;0;0;0;0;0;0;0;0;0;0;0
Q6PGP7;0;0;0;0;0;0;0;0;0;0;1;0
Q6PI48;0;0;0;0;0;0;0;0;0;0;0;0
Q6PJ69;0;0;0;0;0;0;0;0;0;0;0;0
Q6PKG0;1;1;1;1;1;1;1;1;1;1;1;1
Q6RW13;0;0;0;0;0;0;0;0;0;0;0;0
Q6SPF0;0;0;0;0;0;0;0;0;0;0;0;0
Q6SZW1;0;0;0;0;0;0;0;0;0;0;0;0
Q6UVJ0;0;0;0;0;0;0;0;0;0;0;0;0
Q6WCQ1-2;1;1;1;0;1;1;1;1;1;1;1;1
Q6WKZ4;0;0;0;0;1;0;0;0;0;0;0;0
Q6XZF7;0;0;0;0;0;0;0;0;0;0;0;0
Q6Y7W6-4;0;0;0;0;0;0;0;0;0;0;0;0
Q6YP21-3;0;0;0;0;0;0;0;0;0;0;0;0
Q6ZNB6;0;0;0;0;0;0;0;0;0;0;0;0
Q6ZWJ1;0;0;0;0;0;0;0;0;0;0;1;0
Q70EL1-7;0;0;0;0;0;0;0;0;0;0;0;0
Q71RC2-3;0;0;0;0;1;0;0;1;0;0;1;0
Q71U36-2;0;0;1;0;0;1;0;0;1;0;0;1
Q7KZF4;0;0;0;0;0;0;0;0;0;0;0;0
Q7L0Y3;0;0;0;0;0;0;0;0;0;0;0;0
Q7L576;1;1;1;1;1;1;1;1;1;1;1;1
Q7L7X3;0;0;0;0;0;0;0;0;0;0;0;0
Q7L8L6;0;0;0;0;0;0;0;0;0;0;0;0
Q9H8S9;0;0;0;0;0;0;0;0;0;0;0;0
Q7LBC6;0;0;0;0;0;0;0;0;0;0;0;0
Q7RTP6;0;0;0;0;0;0;0;0;0;0;0;0
Q7Z2K8;1;1;1;1;1;1;1;1;1;1;1;1
Q7Z2W4;1;1;1;1;1;1;1;1;1;1;1;1
Q7Z2Z2;0;0;0;0;0;0;0;0;0;0;0;0
Q7Z3K3-5;0;0;0;0;0;0;0;0;0;0;0;0
Q7Z3T8;0;0;0;0;1;0;0;1;1;0;1;0
Q7Z406-6;0;0;0;0;0;0;1;0;0;1;0;0
Q7Z417;0;1;1;0;1;1;0;1;0;0;1;1
Q7Z460;0;0;0;0;0;0;0;0;0;0;0;0
Q7Z4H7;0;0;0;0;0;0;0;0;0;0;0;0
Q7Z4Q2;0;0;0;0;0;0;0;0;0;0;0;0
Q7Z4V5-2;0;0;0;0;0;0;0;0;0;0;0;0
Q7Z6B7;0;0;0;0;0;0;0;0;0;0;0;0
Q7Z6Z7-3;0;0;0;0;0;1;0;0;1;0;0;1
Q7Z7K6;0;0;0;0;0;0;0;0;0;0;0;0
Q7Z7L1;0;0;0;0;0;0;0;0;0;0;0;0
Q86TV6;0;0;0;0;0;0;0;0;0;0;0;0
Q86U38;0;0;0;0;0;0;0;0;0;0;0;0
Q86U86-5;0;0;0;0;0;0;0;0;0;0;0;0
Q86UD0;0;0;0;0;0;0;0;0;0;0;0;0
Q86UE4;0;0;0;0;0;0;0;0;0;0;0;0
Q86UK7-2;1;1;1;1;1;1;1;1;1;1;1;1
Q86UP2;0;0;0;1;1;0;1;1;0;0;1;1
Q86US8;0;0;0;0;0;0;0;0;0;0;0;0
Q86UU1-3;0;0;0;0;0;0;0;0;0;0;0;0
Q86V48-2;1;0;0;0;0;0;1;0;0;1;0;0
Q86VP6;0;0;0;0;0;0;0;0;0;0;0;0
Q86W92-4;0;0;0;0;0;0;0;0;0;0;1;0
Q86WG5;0;0;0;0;0;0;0;0;0;0;0;0
S4R3V8;1;1;1;1;1;1;1;1;1;1;1;1
Q86X55-1;0;1;0;0;0;0;0;1;1;1;1;0
Q86XL3;0;1;0;0;1;0;0;1;0;0;1;0
Q86Y56;0;0;0;0;0;0;0;0;0;0;0;0
Q86Y82;1;0;0;1;1;0;1;0;0;1;0;0
Q86YQ8;1;1;1;1;1;1;1;1;1;1;1;1
Q86YS7;0;0;0;0;0;0;0;0;0;0;0;0
Q86YV5;0;0;0;0;0;0;0;0;0;0;0;0
Q8IUW5;0;0;0;0;0;0;0;0;0;0;0;0
Q8IVM0;0;0;0;0;0;0;0;0;0;0;0;0
Q8IWC1-2;0;0;0;0;0;0;0;0;0;0;0;0
Q8IWT6;0;0;0;0;0;0;0;0;0;0;0;0
Q8IWX8;0;0;0;0;0;0;0;0;0;0;0;0
Q8IWZ3;1;1;1;1;1;1;1;1;1;1;1;1
Q8IX18-3;0;0;0;0;0;0;0;0;0;0;0;0
Q8IX90;0;0;0;0;0;0;0;0;0;0;0;0
Q8IXI1;0;0;0;0;0;0;0;0;0;0;0;0
Q8IY81;0;0;0;0;0;0;0;0;0;0;0;0
Q8IYS1;0;0;0;0;0;0;0;0;0;0;0;0
Q8IZ21-3;1;1;1;0;1;0;0;1;1;1;1;1
Q8IZJ1-2;0;0;0;0;0;0;0;0;0;0;0;0
Q8N0T1;0;0;0;0;0;0;0;0;0;0;0;0
Q8N0X7;1;1;1;1;1;1;0;1;1;1;1;1
Q8N122;0;0;0;0;0;0;0;0;0;0;0;0
Q8N163-2;0;0;0;0;0;0;0;0;0;0;0;0
Q8N1F7;0;0;0;0;0;0;0;0;0;0;0;0
Q8N1G4;0;0;1;0;0;1;0;0;1;0;0;1
Q8N3C0;0;0;0;0;0;0;0;1;0;0;1;0
Q8N3E9;0;0;0;0;0;0;0;0;0;0;0;0
Q8N3F8;0;0;0;0;0;0;0;0;0;0;0;0
Q8N3R9;0;0;0;0;0;0;0;0;0;0;0;0
Q8N4C8-2;1;1;1;0;1;1;0;1;1;1;1;1
Q8N4V1;0;0;0;0;0;0;0;0;0;0;0;0
Q8N573-2;0;0;0;0;0;0;0;0;0;0;0;0
Q8N5F7;0;0;0;0;0;0;0;0;0;0;0;0
Q8N5G2;0;0;0;0;0;0;0;0;0;0;0;0
Q8N5K1;0;0;0;0;0;0;0;0;0;0;0;0
Q8N5L8;0;0;0;0;0;0;0;0;0;0;0;0
Q8N5W9;0;0;0;0;0;0;0;0;0;0;0;0
Q8N653;1;1;1;0;0;0;0;0;0;0;1;0
Q8N6R0-3;0;0;0;0;0;0;0;0;0;0;0;0
Q8N6T3;0;0;0;0;0;0;0;0;0;0;0;0
Q8N766-3;0;0;1;0;0;0;0;0;0;0;0;1
Q8N8Z6;0;0;0;0;0;0;0;0;0;0;0;0
Q8NAX2;0;0;0;0;0;0;0;0;0;0;0;0
Q8NB46;0;0;0;0;0;0;0;0;0;0;0;0
Q8NB90;0;0;0;0;0;0;0;0;0;0;0;0
Q8NBT2-2;0;0;0;0;0;0;0;0;0;0;0;0
Q8NBU5;0;0;0;0;0;0;0;0;0;0;0;0
Q8NC51;0;0;0;0;0;0;0;0;0;0;0;0
Q8NC56;0;0;0;0;0;0;0;0;0;0;0;0
Q8NCE2-3;0;0;0;0;0;0;0;0;0;0;0;0
Q8ND56-3;0;0;0;0;0;0;0;0;0;0;0;0
Q8ND76-3;0;0;0;0;0;0;0;0;0;0;0;0
Q8NDI1-3;0;0;0;0;0;0;0;0;0;0;0;0
Q8NDV7-2;0;0;0;0;0;0;0;0;0;0;0;0
Q8NE01;0;0;0;0;0;0;0;0;0;0;0;0
Q8NE71-2;0;0;0;0;0;0;0;0;0;0;0;0
Q8NF37;0;0;0;0;0;0;0;0;0;0;0;0
Q8NHQ8-2;0;0;0;0;0;0;0;0;0;0;0;0
Q8NI27;0;0;0;0;0;0;0;0;0;0;0;0
Q8NI60-3;0;0;0;0;0;0;0;0;0;0;0;0
Q8TAA9-2;1;1;1;0;1;0;0;0;1;1;1;0
Q8TAB3-3;0;0;0;0;0;0;0;0;0;0;0;0
Q8TAG9;0;0;0;0;0;0;0;0;0;0;0;0
Q8TAT6;0;0;0;0;0;0;0;0;0;0;0;0
Q8TBX8;0;0;0;0;0;0;0;0;0;0;0;0
Q8TC07-2;1;1;1;1;1;1;1;1;1;1;1;1
Q8TCJ2;0;0;0;0;0;0;0;0;0;0;0;0
Q8TD19;1;1;1;1;1;1;1;1;1;1;1;1
Q8TDX7;0;0;0;0;0;0;0;0;0;0;0;0
Q8TEM1;0;0;0;0;0;0;0;0;0;0;0;0
Q8TEQ6;1;1;1;1;1;1;1;1;1;1;1;1
Q8TEW0-11;1;1;0;1;1;0;1;1;0;1;1;0
Q8TEW8-2;0;0;0;0;0;0;0;0;0;0;0;0
Q8TEX9;0;0;0;0;0;0;0;0;0;0;0;0
Q8TEY7-3;0;0;0;0;0;0;0;0;0;0;0;0
Q8TF05-2;0;0;0;0;0;0;0;0;0;0;0;0
Q8TF72;0;0;0;0;0;0;0;0;0;0;0;0
Q8TF74;0;0;0;0;0;0;0;0;0;0;0;0
Q8WTT2;0;0;0;0;0;0;0;0;0;0;0;0
Q8WU20;0;0;0;0;0;0;0;0;0;0;0;0
Q8WU90;0;0;0;0;0;0;0;0;0;0;0;0
Q8WUH6;0;0;0;0;0;0;0;0;0;0;0;0
Q8WUM0;0;0;0;0;0;0;0;0;0;0;0;0
Q8WUM4;1;1;1;1;1;1;1;1;1;1;1;1
Q8WUW1;1;1;1;1;1;1;1;1;1;1;1;1
Q8WVM8;0;0;0;0;0;0;0;0;0;0;0;0
Q8WVX9;0;0;0;0;0;0;0;0;0;0;0;0
Q8WWI1-3;0;0;0;0;0;0;0;0;0;0;0;0
Q8WWK9-4;0;0;0;0;0;0;0;0;0;0;0;0
Q8WWM7;1;1;1;1;1;1;1;1;1;1;1;1
Q8WX93;1;1;1;0;1;0;0;1;0;1;1;0
Q8WXE0-2;1;1;1;0;0;0;0;0;0;0;1;0
Q8WZA9;0;0;0;0;0;0;0;0;0;0;0;0
Q92499;1;1;1;0;1;1;1;1;0;1;1;1
Q92538-3;0;0;0;0;0;0;0;0;0;0;0;0
Q92542-2;0;1;0;0;1;0;0;0;0;0;1;0
Q92558;1;1;1;1;1;1;1;1;1;1;1;1
Q92572;0;0;0;0;0;0;0;0;0;0;0;0
Q92574;0;0;0;0;0;0;0;0;0;0;0;0
Q92575;0;0;0;0;0;0;0;0;0;0;0;0
Q92576-2;0;1;0;1;0;1;0;1;0;0;0;0
Q92598-2;0;1;1;0;1;1;1;1;1;1;1;1
Q92600;0;0;0;0;0;0;0;0;0;0;0;0
Q92609-2;0;0;0;0;0;0;0;0;0;0;0;0
Q92615;0;0;0;0;0;0;0;0;0;0;0;0
Q92616;0;0;0;0;0;0;0;0;0;0;0;0
Q92620;0;0;0;0;0;0;0;0;0;0;0;0
Q92621;0;0;0;0;0;0;0;0;0;0;0;0
Q92625;0;0;0;0;0;0;0;0;0;0;0;0
Q92667;1;1;0;0;0;0;0;1;1;0;1;0
Q92692;1;1;1;1;1;1;1;1;1;1;1;1
Q92734-2;1;1;1;1;1;1;1;1;1;1;1;1
X6RAB3;0;1;0;0;0;0;0;0;0;0;0;0
Q92783-2;1;1;1;1;1;1;1;1;0;1;1;1
Q92804-2;0;0;0;0;0;0;0;0;0;0;0;0
Q92859-3;0;0;0;0;0;0;0;0;0;0;0;0
Q92878;0;0;0;0;0;0;0;0;0;0;0;0
Q92900-2;1;1;1;1;1;1;1;1;1;1;1;1
Q92973-2;0;0;0;0;0;0;0;0;0;0;0;0
V9GYM8;1;1;1;1;1;1;1;1;1;1;1;1
Q92997-2;0;0;0;0;0;0;0;0;0;0;0;0
Q93008-1;1;1;1;1;1;1;1;1;1;1;1;1
Q93009-3;0;0;0;0;0;0;0;0;0;0;0;0
Q93052;0;1;1;0;1;1;0;1;1;0;1;1
Q93100-4;0;0;0;0;0;0;0;0;0;0;0;0
Q969E2-2;0;0;0;0;0;0;0;0;0;0;0;0
Q969M3;0;0;0;0;0;0;0;0;0;0;0;0
Q969V3-2;0;0;0;1;0;0;0;0;0;0;0;0
Q96A49;0;0;0;0;0;0;0;0;0;0;0;0
Q96A65;0;1;0;0;1;0;0;1;0;1;1;0
Q96AC1;1;1;1;1;1;1;1;1;1;1;1;1
Q96AG4;0;0;0;0;0;0;0;0;0;0;0;0
Q96B36;0;0;0;0;0;0;0;0;0;0;0;0
Q96BD8-2;0;0;0;0;0;0;0;0;0;0;0;0
Q96BH1;0;0;0;0;0;0;0;0;0;0;0;0
Q96BJ3;0;0;0;0;0;0;0;0;0;0;0;0
Q96BN8;0;0;0;0;0;0;0;0;0;0;0;0
Q96BW9-3;0;0;0;0;0;0;0;0;0;0;0;0
Q96BY7;0;0;0;0;0;0;0;0;0;0;0;0
Q96C19;0;0;0;0;0;0;0;0;0;0;0;0
Q96C36;0;0;0;0;0;0;0;0;0;0;0;0
Q96CS2;0;0;0;0;0;0;0;0;0;0;0;0
Q96CS3;0;0;0;0;0;0;0;0;0;0;0;0
Q96CW1;0;0;0;0;0;0;0;0;0;0;0;0
Q96CW5;0;0;0;0;0;0;0;0;0;0;0;0
Q96CX2;0;0;0;0;0;0;0;0;0;0;0;0
Q96D71-3;1;1;0;0;1;0;1;1;0;1;1;0
Q96DR7;0;0;0;0;0;0;0;0;0;0;0;0
Q96EY1;0;0;0;0;0;0;0;0;0;0;0;0
Q96EY5-2;0;0;0;0;0;0;0;0;0;0;0;0
Q96EY7;0;0;0;0;0;0;0;0;0;0;0;0
Q96F86;0;1;0;0;1;0;0;1;0;0;0;0
Q96GA3;0;0;0;0;0;0;0;0;0;0;0;0
Q96GX9;0;0;0;0;0;0;0;0;0;0;0;0
Q96HC4;1;1;1;1;1;1;1;1;1;1;1;1
Q96HS1;0;0;0;0;0;0;0;0;1;1;0;1
Q96I24;0;0;0;0;0;0;0;0;0;0;0;0
Q96I25;0;0;0;0;0;0;0;0;0;0;0;0
Q96I63;0;0;0;0;0;0;0;0;0;0;0;0
Q96I99;0;0;0;0;0;0;0;0;0;0;0;0
Q96II8-4;0;0;0;0;0;0;0;0;0;0;0;0
Q96IZ0;1;1;1;1;1;1;1;1;1;1;1;1
Q96J02-2;0;0;0;0;0;0;0;0;0;0;0;0
Q96J84;0;0;0;0;0;0;0;0;0;0;0;0
Q96K76-2;0;0;0;0;0;0;0;0;0;0;0;0
Q96KA5;0;0;0;0;0;0;0;0;0;0;0;0
Q96KB5-2;0;0;0;0;0;0;0;0;0;0;0;0
Q96KP1;0;0;0;0;0;0;0;0;0;0;0;0
Q96KP4;0;0;0;0;0;0;0;0;0;0;0;0
Q96KR1;0;0;0;0;0;0;0;0;0;0;0;0
Q96L92-3;0;0;0;0;0;0;0;0;0;0;0;0
Q96MH7;0;0;0;0;0;0;0;0;0;0;0;0
Q96N67-4;1;1;1;1;1;1;1;1;1;1;1;1
Q96NW4;0;0;0;0;0;0;0;0;0;0;0;0
Q96P11;0;0;0;0;0;0;0;0;0;0;0;0
Q96P47;0;0;0;0;0;0;0;0;0;0;0;0
Q96P48-3;0;0;0;0;0;0;0;0;0;0;0;0
Q96P70;0;0;0;0;0;0;0;0;0;0;0;0
Q96PD2-2;0;0;0;0;0;0;0;0;0;0;0;0
Q96PE3-2;0;0;0;0;0;0;0;0;0;0;0;0
Q96PK6;0;0;0;0;0;0;0;0;0;0;0;0
Q96PU5-2;0;0;0;0;0;0;0;0;0;0;0;0
Q96PV6-2;0;0;0;0;0;0;0;0;0;0;0;0
Q96Q89-4;0;0;0;0;0;0;0;0;0;0;0;0
Q96QK1;0;0;0;0;0;0;0;0;0;0;0;0
Q96R06;1;0;0;1;1;1;1;1;1;1;1;1
Q96RF0-2;1;1;1;0;1;0;0;1;0;0;1;0
Q96RQ3;0;0;0;0;0;0;0;0;0;0;0;0
Q96RS0;0;0;0;0;0;0;0;0;0;0;0;0
Q96RT1-5;1;1;1;1;1;1;1;1;1;1;1;1
Q96S44;0;0;0;0;0;0;0;0;0;0;0;0
Q96S55-2;0;0;0;0;0;0;0;0;0;0;0;0
Q96SB4;0;0;0;0;0;0;0;0;0;0;0;0
Q96SI1-2;0;0;0;0;0;0;0;0;0;0;0;0
Q96SN8;0;0;0;0;0;0;0;0;0;0;0;0
Q96ST8;0;0;0;0;0;0;0;0;0;0;0;0
Q96SU4-7;0;0;0;0;0;0;0;0;0;0;0;0
Q96SZ5;0;0;0;0;0;0;0;0;0;0;0;0
Q96SZ6-6;0;0;0;0;0;0;0;0;0;0;0;0
Q96T17-2;0;0;0;0;0;0;0;0;0;0;0;0
Q96T51;0;0;0;0;0;0;0;0;0;0;0;0
Q96T76;0;0;0;0;0;0;0;0;0;0;0;0
Q96TA1-2;0;0;0;0;0;0;0;0;0;0;0;0
Q99426;1;0;1;0;0;0;0;0;0;1;0;0
Q99459;0;0;0;0;0;0;0;0;0;0;0;0
Q99497;0;0;0;0;0;0;0;0;0;0;0;0
Q99567;0;0;0;0;0;0;0;0;0;0;0;0
Q99569-2;0;0;0;0;0;0;0;0;0;0;0;0
Q99570;0;0;0;0;0;0;0;0;0;0;0;0
Q99613;0;0;0;0;0;0;0;0;0;0;0;0
Q99614;0;0;0;0;0;0;0;0;0;0;0;0
Q99615;0;0;0;0;1;0;0;1;0;0;1;0
Q99623;0;0;0;0;0;0;0;0;0;0;0;0
Q99661;0;0;0;0;0;0;0;0;0;0;0;0
Q99714;0;0;0;0;0;0;0;0;0;0;0;0
Q99717;1;1;1;0;1;1;0;1;1;1;1;1
Q99729-3;0;0;0;0;0;0;0;0;0;0;0;0
Q99747;0;0;0;0;0;0;0;0;0;0;0;0
Q99816;1;1;1;1;1;1;1;1;1;1;1;1
Q99832;0;0;0;0;0;0;0;0;0;0;0;0
Q99943;0;0;0;0;0;0;0;0;0;0;0;0
Q99959;1;1;1;1;1;1;1;1;1;1;1;1
Q99961;0;0;0;0;0;0;0;0;0;0;1;0
Q9BPX3;0;0;0;0;0;0;0;0;0;0;0;0
Q9BQA1;0;0;0;0;0;0;0;0;0;0;0;0
Q9BQC3;0;0;0;0;0;0;0;0;0;0;0;0
Q9BQG0;0;0;0;0;0;0;0;0;0;0;0;0
Q9BR76;0;0;0;0;0;0;0;0;0;0;0;0
Q9BRP1;0;0;0;0;0;0;0;0;0;0;0;0
Q9BRR8;0;0;0;0;0;0;0;0;0;0;0;0
Q9BRX2;0;0;0;0;0;0;0;0;0;0;1;0
Q9BSJ2;0;0;0;1;0;0;0;0;0;0;0;0
Q9BSJ8-2;1;1;1;1;1;1;1;1;1;1;1;1
Q9BST9;0;0;0;0;0;0;0;0;0;0;0;0
Q9BTC0;0;0;0;0;0;0;0;0;0;0;0;0
Q9BTE3;0;1;0;0;1;0;0;0;0;0;1;0
Q9BTE7;0;0;0;0;0;0;0;0;0;0;0;0
Q9BTN0;0;0;0;0;0;0;0;0;0;0;0;0
Q9BTT0-3;0;0;0;0;0;0;0;0;0;0;0;0
Q9BTT6;0;1;0;0;1;0;0;0;0;0;1;0
Q9BTV4;0;0;0;0;0;0;0;0;0;0;0;0
Q9BTV7;0;0;0;0;0;0;0;0;0;0;0;0
Q9BTX1-6;0;0;0;0;0;0;0;0;0;0;0;0
Q9BU23;0;0;0;0;0;0;0;0;0;0;0;0
Q9BUF5;0;0;0;0;0;0;0;0;0;0;0;0
Q9BV20;0;0;0;0;0;0;0;0;0;0;0;0
Q9BV40;0;0;0;0;0;0;0;0;0;0;0;0
Q9BV44;0;0;0;0;0;0;0;0;0;0;0;0
Q9BV57;0;0;0;0;0;0;0;0;0;0;0;0
Q9BV86-2;0;0;0;0;0;0;0;0;0;0;0;0
Q9BVA1;0;0;0;0;0;1;0;0;1;0;0;1
Q9BVI4;0;0;0;0;0;0;0;0;0;0;0;0
Q9BVP2-2;0;0;0;0;0;0;0;0;0;0;0;0
Q9BVQ7;0;0;0;0;0;0;0;0;0;0;0;0
Q9BVS4-2;0;0;0;0;0;0;0;0;0;0;0;0
Q9BW19;0;1;0;1;1;0;1;1;0;1;1;0
Q9BW92;0;0;0;0;0;0;0;0;0;0;0;0
Q9BWF3;0;0;0;0;0;0;0;0;0;0;0;0
Q9BX66-9;0;1;0;0;0;0;0;0;0;0;0;0
Q9BXI6;0;0;0;0;0;0;0;0;0;0;0;0
Q9BXW9-3;0;0;0;0;0;0;0;0;0;0;0;0
Q9BY32;0;0;0;0;0;0;0;0;0;0;0;0
Q9BY89;0;0;0;0;0;0;0;0;0;0;0;0
Q9BYG5;1;1;1;0;0;0;0;0;0;0;0;0
Q9BYI3-3;0;0;0;0;0;0;0;0;0;0;0;0
Q9BZF1-3;1;1;1;1;1;1;1;1;1;1;1;1
Q9BZG1-2;0;0;0;0;1;0;0;1;0;0;1;0
Q9BZI7;0;0;0;0;0;0;0;0;0;0;0;0
Q9BZL4-3;0;0;0;0;0;0;0;0;0;0;0;0
Q9BZQ8;0;0;0;0;0;0;0;0;0;0;0;0
Q9BZX2;0;0;0;0;0;0;0;0;0;0;0;0
Q9C026-5;0;0;0;0;0;0;0;0;0;0;0;0
Q9C0B0;0;0;0;0;0;0;0;0;0;0;0;0
Q9C0B5-2;1;1;1;0;1;1;0;1;1;1;1;0
Q9C0C2;1;1;1;0;0;0;0;1;1;1;1;1
Q9C0C9;0;0;0;0;0;0;0;0;0;0;0;0
Q9C0D5-2;0;0;0;0;0;0;0;0;0;0;0;0
Q9C0H5;0;0;0;0;0;0;0;0;0;0;0;0
Q9C0I1-3;0;0;0;0;0;0;0;0;0;0;0;0
Q9GZP4;0;0;0;0;0;0;0;0;0;0;0;0
Q9GZT3-2;0;0;0;0;0;0;0;0;0;0;0;0
Q9H019-3;0;0;0;0;0;0;0;0;0;0;0;0
Q9H074;0;0;0;0;0;0;0;0;0;0;0;0
Q9H089;0;0;0;0;0;0;0;0;0;0;0;0
Q9H0A0;0;0;0;0;0;0;0;0;0;0;0;0
Q9H0B6;0;0;0;0;0;0;0;0;0;0;0;0
Q9H0C8;0;0;0;0;0;0;0;0;0;0;0;0
Q9H0D6;0;0;0;0;0;0;0;0;0;0;0;0
Q9H0E2;0;0;0;0;0;0;0;0;0;0;0;0
Q9H0H5;0;0;0;0;0;0;0;0;0;0;0;0
Q9H0L4;0;0;0;0;0;0;0;0;0;0;0;0
Q9H0S4;0;0;0;0;0;0;0;0;0;0;0;0
Q9H0U4;0;0;0;0;0;0;0;0;0;0;0;0
Q9H0W5;0;0;0;0;0;0;0;0;0;0;0;0
Q9H1A4;0;0;0;0;0;0;0;0;0;0;0;0
Q9H1I8-3;0;0;0;0;0;0;0;0;0;0;0;0
Q9H223;1;0;1;0;0;1;0;0;1;1;1;1
Q9H269;0;0;0;0;0;0;0;0;0;0;0;0
Q9H2C0;0;0;0;0;0;0;0;0;0;0;0;0
Q9H2D6-5;1;1;1;1;1;1;1;1;1;1;1;1
Q9H2G2-2;0;0;0;0;0;0;0;0;0;0;0;0
Q9H2M9;0;0;0;0;0;0;0;0;0;0;0;0
Q9H2P0;0;0;0;0;0;0;0;0;0;0;0;0
Q9H2U1-2;0;0;0;0;0;0;0;0;0;0;0;0
Q9H3C7;0;0;0;0;0;0;0;0;0;0;0;0
Q9H3K6;0;1;0;0;0;0;0;0;0;0;1;0
Q9H3N1;0;0;0;0;0;0;0;0;0;0;0;0
Q9H3P7;0;0;0;0;0;0;0;0;0;0;0;0
Q9H3Q1;0;0;0;0;0;0;0;0;0;0;0;0
Q9H3S7;0;0;0;0;0;0;0;0;0;0;0;0
Q9H3U1-2;0;0;0;0;0;0;0;0;0;0;0;0
Q9H425;0;0;0;0;0;0;0;0;0;0;0;0
Q9H4G0-3;0;0;0;0;0;0;0;0;0;0;0;0
Q9H4P4;0;0;0;0;0;0;0;0;0;0;0;0
Q9H6S0;0;1;1;0;0;1;0;0;0;1;1;1
Q9H6T3;0;0;0;0;0;0;0;0;0;0;0;0
Q9H6U6-2;0;0;0;0;0;0;0;0;0;0;0;0
Q9H6X2-3;0;0;0;0;0;0;0;0;0;0;0;0
Q9H773;1;1;1;1;1;1;0;1;1;1;1;1
Q9H788;0;0;0;0;0;0;0;0;0;0;0;0
Q9H792;0;0;0;0;0;0;0;0;0;0;0;0
Q9H7D7-2;0;0;0;0;0;0;0;0;0;0;0;0
Q9H7E9;0;0;0;0;0;0;0;0;0;0;0;0
Q9H7P9-3;0;0;0;0;0;0;0;0;0;0;0;0
Q9H7S9;0;0;0;0;0;0;0;0;0;0;0;0
Q9H974-2;0;0;0;0;0;0;0;0;0;0;0;0
Q9H9A5-2;0;0;0;0;0;0;0;0;0;0;0;0
Q9H9A6;0;0;0;0;0;0;0;0;0;0;0;0
Q9H9B4;0;0;0;0;0;0;0;0;0;0;0;0
Q9H9T3-2;0;0;0;0;0;0;0;0;0;0;0;0
Q9HAD4;0;0;0;0;0;0;0;0;0;0;0;0
Q9HAU0;1;0;1;0;0;0;0;0;0;1;0;1
Q9HAU5;0;0;0;0;0;0;0;0;0;0;0;0
Q9HAV4;0;0;0;0;0;0;0;0;0;0;0;0
Q9HB07;0;0;0;0;0;0;0;0;0;0;0;0
Q9HB21;0;0;0;0;0;0;0;0;0;0;0;0
Q9HB71;1;0;1;1;1;0;1;1;0;1;1;0
Q9HCC0;0;0;0;0;0;0;0;0;0;0;0;0
Q9HCD6;0;0;0;0;0;0;0;0;0;0;0;0
Q9HCM4-3;0;0;0;0;0;0;0;0;0;0;0;0
Q9HCU5;0;0;0;0;0;0;0;0;0;0;0;0
Q9HD20-2;0;0;0;0;0;0;0;0;0;0;0;0
Q9HDC5;0;0;0;0;0;0;0;0;0;0;0;0
Q9NNW5;1;1;1;1;1;1;1;1;1;1;1;1
Q9NP61-2;0;0;0;0;0;0;0;0;0;0;0;0
Q9NP72;0;0;0;0;0;0;0;0;0;0;0;0
Q9NPH2;1;1;1;1;1;1;1;1;1;1;1;1
Q9NPQ8-2;0;0;0;0;0;0;0;0;0;0;0;0
Q9NQ29;0;0;0;0;0;0;0;0;0;0;0;0
Q9NQ66-2;0;0;0;0;0;0;0;0;0;0;0;0
Q9NQC3;0;0;0;0;0;0;0;0;0;0;0;0
Q9NQT8;0;0;0;0;0;0;0;0;0;0;0;0
Q9NQW6-2;0;0;0;0;0;0;0;0;0;0;0;0
Q9NQX3;1;1;0;0;1;0;1;1;1;1;1;1
Q9NR09;0;0;0;0;0;0;0;0;0;0;0;0
Q9NR12-2;0;0;0;0;0;0;0;0;0;0;0;0
Q9NR30;0;0;0;0;0;0;0;0;0;0;0;0
Q9NR50;0;0;0;0;0;0;0;0;1;0;0;0
Q9NRF2-3;0;0;0;0;0;0;0;0;0;0;0;0
Q9NRG9;0;0;0;0;0;0;0;0;0;0;0;0
Q9NRL2;0;0;0;0;0;0;0;0;0;0;0;0
Q9NRX1;0;0;0;0;0;0;0;0;0;0;0;0
Q9NRY4;0;0;0;0;0;0;0;0;0;0;0;0
Q9NRY6;0;0;0;0;0;0;0;0;0;0;0;0
Q9NS69;0;0;0;0;0;0;0;0;0;0;0;0
Q9NSD9;0;0;0;0;0;0;0;0;0;0;0;0
Q9NSI2;0;0;0;0;0;0;0;0;0;0;0;0
Q9NSK0;0;0;0;0;0;0;0;0;0;0;0;0
Q9NSV4;0;0;0;0;0;0;0;0;0;0;0;0
Q9NT62;0;0;0;0;0;0;0;0;0;0;0;0
Q9NTJ3;0;0;0;0;0;0;0;0;0;0;0;0
Q9NU22;0;0;0;0;0;0;0;0;0;0;0;0
Q9NUL7;0;0;0;0;0;0;0;0;0;0;0;0
Q9NUP9;1;1;1;0;1;0;0;0;1;1;1;1
Q9NUQ3;1;1;1;1;1;1;1;1;1;1;1;1
Q9NUQ8;0;0;0;0;0;0;0;0;0;0;0;0
Q9NV70-2;0;0;0;0;0;0;0;0;0;0;0;0
Q9NV96-3;0;0;0;0;0;0;0;0;0;0;0;0
Q9NVE7;0;0;0;0;0;0;0;0;0;0;0;0
Q9NVH2-3;0;0;0;0;0;0;0;0;0;0;0;0
Q9NVI1;0;0;0;0;0;0;0;0;0;0;0;0
Q9NVI7-2;0;0;0;0;0;0;0;0;0;0;0;0
Q9NVN8;0;0;0;0;0;0;0;0;0;0;0;0
Q9NW64;0;0;0;0;0;0;0;0;0;0;0;0
Q9NWB6;0;0;0;0;0;0;0;0;0;0;0;0
Q9NX20;0;0;0;0;0;0;0;0;0;0;0;0
Q9NX58;0;0;0;0;0;0;0;0;0;0;0;0
Q9NXF1;0;0;0;0;0;0;0;0;0;0;0;0
Q9NXR1-2;0;0;0;0;0;0;0;0;0;0;0;0
Q9NXV2;0;0;0;0;0;0;0;0;0;0;0;0
Q9NY93-2;0;0;0;0;0;0;0;0;0;0;0;0
Q9NYJ8;0;0;0;0;0;0;0;0;0;0;0;0
Q9NYL9;0;0;0;0;0;0;0;0;0;0;0;0
Q9NYP9;0;0;0;0;0;0;0;0;0;0;0;0
Q9NYY8-2;0;0;0;0;0;0;0;0;0;0;0;0
Q9NYZ3;0;0;0;0;0;0;0;0;0;0;0;0
Q9NZ01;0;0;0;0;0;0;0;0;0;0;0;0
Q9NZ09-2;0;0;0;0;0;0;0;0;0;0;0;0
Q9NZ56;0;0;0;0;0;0;0;0;0;0;0;0
Q9NZB2;0;0;0;0;0;0;0;0;0;0;0;0
Q9NZI8;0;0;0;0;0;0;0;0;0;0;0;0
Q9NZT1;0;0;0;0;0;0;0;0;0;0;0;0
Q9NZZ3;0;0;0;0;0;0;0;0;0;0;0;0
Q9P035;0;0;0;0;0;0;0;0;0;0;0;0
Q9P0J0;0;0;0;0;0;0;0;0;0;0;0;0
Q9P0K7;1;1;1;1;1;1;1;1;1;1;1;1
Q9P0L0-2;0;0;0;0;0;0;0;0;0;0;0;0
Q9P0V3;0;0;0;0;0;0;0;0;0;0;0;0
Q9P1Y5;0;0;0;0;0;0;0;0;0;0;0;0
Q9P206-2;1;1;1;0;1;1;1;1;0;1;1;1
Q9P244;0;0;0;0;0;0;0;0;0;0;0;0
Q9P253;0;0;0;0;0;0;0;0;0;0;0;0
Q9P258;0;0;0;1;0;0;0;0;0;0;0;0
Q9P265;0;0;0;0;0;0;0;0;0;0;0;0
Q9P273;1;1;1;0;1;0;0;0;1;0;1;0
Q9P287-4;0;0;0;0;0;0;0;0;0;0;0;0
Q9P2B4;0;0;0;0;0;0;0;0;0;0;0;0
Q9P2J5;0;0;1;0;0;1;0;0;1;0;0;1
Q9P2N5;0;0;0;0;0;0;0;0;0;0;0;0
Q9P2R3;0;0;0;0;0;0;0;0;0;0;0;0
Q9P2R7-2;0;0;0;0;0;0;0;0;0;0;0;0
Q9UBB4;0;0;0;0;0;0;0;0;0;0;0;0
Q9UBB6-2;0;0;0;0;0;0;0;0;0;0;0;0
Q9UBC2-2;0;0;0;0;0;0;0;0;0;0;0;0
Q9UBE0;0;0;0;0;0;0;0;0;0;0;0;0
Q9UBF2;0;0;0;0;0;0;0;0;0;0;0;0
Q9UBI6;0;0;0;0;0;0;0;0;0;0;0;0
Q9UBT2;0;0;0;0;0;0;0;0;0;0;0;0
Q9UBT7-2;0;0;0;0;0;0;0;0;0;0;0;0
Q9UBV8;0;0;0;0;0;0;0;0;0;0;0;0
Q9UDY2;1;1;1;1;1;1;1;1;1;1;1;1
Q9UDY8-2;0;0;0;0;0;0;0;0;0;0;0;0
Q9UET6;0;0;0;0;0;0;0;0;0;0;0;0
Q9UEY8-2;0;0;0;0;0;0;0;0;0;0;0;0
Q9UFC0;0;0;0;0;0;0;0;0;0;0;0;0
Q9UG63;0;0;0;0;0;0;0;0;0;0;0;0
Q9UGI8-2;0;0;0;0;0;0;0;0;0;0;0;0
Q9UGJ1-2;0;0;0;0;0;0;0;0;0;0;0;0
Q9UGP4;0;0;0;0;0;0;0;0;0;0;0;0
Q9UHB6;1;1;0;0;0;0;0;1;0;0;1;0
Q9UHB9;0;0;0;1;0;1;0;0;1;0;0;0
Q9UHD1;0;0;0;0;0;0;0;0;0;0;0;0
Q9UHD2;0;0;0;0;0;0;0;0;0;0;0;0
Q9UHD8-5;0;1;1;0;0;0;0;0;0;0;0;0
Q9UHI6;0;0;0;0;0;0;0;0;0;0;0;0
Q9UHN6-2;1;1;1;0;1;1;0;1;1;0;1;1
Q9UHR4;1;1;1;1;1;1;1;1;1;1;1;1
Q9UHV9;0;0;0;0;0;0;0;0;0;0;0;0
Q9UI12-2;0;0;0;0;0;0;0;0;0;0;0;0
Q9UIA9;0;0;0;0;0;0;0;0;0;0;0;0
Q9UIW2;0;0;0;0;0;0;0;0;0;0;0;0
Q9UJC3;0;0;0;0;0;0;0;0;0;0;0;0
Q9UJF2-2;0;0;0;0;0;0;0;0;0;0;0;0
Q9UJS0-2;0;0;0;0;0;0;0;0;0;0;0;0
Q9UJU6-2;1;1;1;1;1;1;1;1;1;1;1;1
Q9UJX2;0;0;0;0;0;0;0;0;0;0;0;0
Q9UJX3;0;0;0;0;0;0;0;0;0;0;0;0
Q9UJZ1;0;0;0;0;0;0;0;0;0;0;0;0
Q9UK41;0;0;0;0;0;0;0;0;0;0;0;0
Q9UKE5-8;0;1;1;0;1;0;0;1;0;0;1;0
Q9UKF6;0;0;0;0;0;0;0;0;0;0;0;0
Q9UKK3;0;0;0;0;0;0;0;0;0;0;0;0
Q9UKT4-2;0;0;0;0;0;0;0;0;0;0;0;0
Q9UKY7;0;0;0;0;0;0;0;0;0;0;0;0
Q9UL15-2;0;0;0;0;0;0;0;0;0;0;0;0
Q9UL25;0;0;0;0;0;0;0;0;0;0;0;0
Q9UL54-2;1;1;1;0;0;0;0;0;0;0;1;0
Q9ULB5;0;0;0;0;0;0;0;0;0;0;0;0
Q9ULF5;0;1;0;0;1;0;0;1;1;0;1;0
Q9ULH0-2;1;1;0;0;1;0;1;1;1;1;1;0
Q9ULK5;0;0;0;0;0;0;0;0;0;0;0;0
Q9ULV0;0;0;0;0;0;0;0;0;0;0;0;0
Q9ULV4-3;1;1;1;1;1;1;1;1;1;1;1;1
Q9ULW0;1;1;1;1;1;1;1;1;1;1;1;1
Q9ULX3;0;0;0;0;0;0;0;0;0;0;1;1
Q9UMS4;0;0;0;0;0;0;0;0;0;0;0;0
Q9UMX5;0;0;0;0;0;0;0;0;0;0;0;0
Q9UN37;0;0;0;0;0;0;0;0;0;0;0;0
Q9UN86-2;0;0;0;0;0;0;0;0;0;0;0;0
Q9UNE7;0;0;0;0;0;0;0;0;0;0;0;0
Q9UNF0;1;1;0;1;0;0;1;0;0;1;1;0
Q9UNQ2;0;0;0;0;0;0;0;0;0;0;0;0
Q9UNY4;0;0;0;0;0;0;0;0;0;0;0;0
Q9UNZ2;0;0;0;0;0;0;0;0;0;0;0;0
Q9UPN7;0;0;0;0;0;0;0;0;0;0;0;0
Q9UPR0;0;0;0;0;0;0;0;0;0;0;0;0
Q9UPR3;0;0;0;0;0;0;0;0;0;0;0;0
Q9UPU5;0;0;0;0;0;0;0;0;0;0;0;0
Q9UPY3;0;0;0;0;0;0;0;0;0;0;0;0
Q9UPY6-2;0;0;0;0;0;0;0;0;0;0;0;0
Q9UQ13;0;0;0;0;0;0;0;0;0;0;0;0
Q9UQ35;0;0;0;0;0;0;0;0;0;0;0;0
Q9UQ80;0;0;0;0;0;0;0;0;0;0;0;0
Q9UQB8-2;1;1;1;1;1;1;1;1;1;1;1;1
Q9UQE7;0;0;0;0;0;0;0;0;0;0;0;0
Q9Y224;0;1;0;0;1;0;0;1;0;0;1;0
Q9Y230;0;0;0;0;0;0;0;0;0;0;0;0
Q9Y243;0;0;0;0;0;0;0;0;0;0;0;0
Q9Y265;0;0;0;0;0;0;0;0;0;0;0;0
Q9Y266;1;0;0;1;0;0;0;1;0;1;1;0
Q9Y277;0;0;0;0;0;0;0;0;0;0;0;0
Q9Y285;0;0;0;0;0;0;0;0;0;0;0;0
Q9Y289;0;0;0;0;0;0;0;0;0;0;0;0
Q9Y295;0;0;0;0;0;0;0;0;0;0;0;0
Q9Y2A7;1;1;1;1;1;1;1;1;1;1;1;0
Q9Y2D5-6;0;1;1;0;1;0;0;1;1;0;1;1
Q9Y2G0;0;0;0;0;0;0;0;0;0;0;0;0
Q9Y2H1;0;0;0;0;0;0;0;0;0;0;0;0
Q9Y2I1;0;0;0;0;0;0;0;0;0;0;0;0
Q9Y2J2-2;1;1;1;1;1;1;1;1;1;1;1;1
Q9Y2L1;0;0;1;0;0;1;0;0;1;0;0;1
Q9Y2L9-2;0;0;0;0;0;0;0;0;0;0;0;0
Q9Y2R4;0;0;0;0;0;0;0;0;0;0;0;0
Q9Y2T2;0;0;0;0;0;0;0;0;0;0;0;0
Q9Y2U8;0;0;0;0;0;0;0;0;0;0;0;0
Q9Y2V2;0;0;0;0;0;0;0;0;0;0;0;0
Q9Y2X3;0;0;0;0;0;0;0;0;0;0;0;0
Q9Y2X7;1;1;0;1;1;0;1;1;0;1;1;0
Q9Y2Z0-2;0;0;0;0;0;0;0;0;0;0;0;0
Q9Y2Z4;0;0;0;0;0;0;0;0;0;0;0;0
Q9Y305-2;0;0;0;0;0;0;0;0;0;0;0;0
Q9Y371;1;1;0;0;1;0;0;1;0;0;1;0
Q9Y383;0;0;0;0;0;0;0;0;0;0;0;0
Q9Y3D0;0;0;0;0;0;0;0;0;0;0;0;0
Q9Y3D9;0;0;0;0;0;0;0;0;0;0;0;0
Q9Y3F4-2;0;0;0;0;0;0;0;0;0;0;0;0
Q9Y3I0;1;1;1;0;1;1;1;1;1;1;1;1
Q9Y3L5;0;0;0;0;0;0;0;0;0;0;0;0
Q9Y3R5-2;0;0;0;0;0;0;0;0;0;0;0;0
Q9Y3T9;0;0;0;0;0;0;0;0;0;0;0;0
Q9Y3U8;0;0;0;0;0;0;0;0;0;0;0;0
Q9Y3Z3;0;0;0;0;0;0;0;0;0;0;0;0
V9GY01;0;0;0;0;0;0;0;0;0;0;0;0
Q9Y450;0;0;0;0;0;0;0;0;0;0;0;0
Q9Y490;1;1;1;1;1;1;1;1;1;1;1;1
Q9Y4D1-3;0;0;0;0;0;0;0;0;0;0;0;0
Q9Y4E8-2;0;0;0;0;0;0;0;0;0;0;0;0
Q9Y4F1;0;0;0;0;0;0;0;0;0;0;0;0
Q9Y4G8;0;0;0;0;0;0;0;0;0;0;0;0
Q9Y4H2;0;0;0;0;0;0;0;0;0;0;0;0
Q9Y4J8-2;1;1;1;0;1;0;1;1;1;1;1;1
Q9Y4R8;0;0;0;0;0;0;0;0;0;0;0;0
Q9Y4W2-2;0;0;0;0;0;0;0;0;0;0;0;0
Q9Y4W6;0;0;0;0;0;0;0;0;0;0;0;0
Q9Y508;0;0;0;0;0;0;0;0;0;0;0;0
Q9Y570;0;0;0;0;0;0;0;0;0;0;0;0
Q9Y597;0;0;0;0;0;0;0;0;0;0;0;0
Q9Y5A9;0;0;0;0;0;0;0;0;0;0;0;0
Q9Y5K6;1;1;1;1;1;1;1;1;1;1;1;1
Q9Y5L0-3;0;0;0;0;0;0;0;0;0;0;0;0
Q9Y5M8;0;0;0;0;0;0;0;0;0;0;0;0
Q9Y5Q8-2;0;0;0;0;0;0;0;0;0;0;0;0
Q9Y5Q9;0;0;0;0;0;0;0;0;0;0;0;0
Q9Y5S2;1;1;1;0;1;1;0;1;1;1;1;1
Q9Y5X1;1;1;1;0;1;0;0;1;0;0;1;0
Q9Y5Y0;0;0;0;0;0;0;0;0;0;0;0;0
Q9Y5Y2;0;0;0;0;0;0;0;0;0;0;0;0
Q9Y613;0;0;0;0;0;0;0;0;0;0;0;0
Q9Y624;0;1;0;0;0;0;0;0;0;0;1;0
Q9Y678;0;0;0;0;0;0;0;0;0;0;0;0
Q9Y679;0;0;0;0;0;0;0;0;0;0;0;0
Q9Y6A5;0;0;0;0;0;0;0;1;0;0;1;0
Q9Y6G9;0;0;0;0;0;0;0;0;0;0;0;0
Q9Y6I3-3;0;0;0;0;0;0;0;0;0;0;0;0
Q9Y6M4-2;0;0;0;0;0;0;0;0;0;0;0;0
Q9Y6M5;0;0;0;0;0;0;0;0;0;0;0;0
Q9Y6M7-7;0;0;0;0;0;0;0;0;0;0;0;0
Q9Y6W5;1;1;1;1;1;1;1;1;1;1;1;1
Q9Y6Y8;0;0;0;0;0;0;0;0;0;0;1;0
R4GMM8;0;0;0;0;0;0;0;0;0;0;0;0
R4GNH3;0;0;0;0;0;0;0;0;0;0;0;0
S4R3H4;0;0;0;0;0;0;0;0;0;0;0;0
A0A024RA52;0;0;0;0;0;0;0;0;0;0;0;0
A0A087WT45;0;0;0;0;0;0;0;0;0;0;0;0
J3KPF9;0;0;0;0;0;0;0;0;0;0;0;0
A0A087X054;0;0;0;0;0;0;0;0;0;0;0;0
A0A0A0MRN5;0;0;0;0;0;0;0;0;0;0;0;0
A0A1B0GV98;0;0;0;0;0;0;0;0;0;0;0;0
J3KQ18;0;0;0;0;0;0;0;0;0;0;0;0
A6NKT7;0;0;0;0;0;0;0;0;0;0;0;0
B0QY16;0;0;0;0;0;0;0;0;0;0;0;0
F8VR50;0;0;0;0;0;0;0;0;0;0;0;0
E5RJY1;0;0;0;0;0;0;0;0;0;0;0;0
E9PGZ4;0;0;0;0;0;0;0;0;0;0;0;0
I3L1H5;0;0;0;0;0;0;0;0;0;0;0;0
J3QSV6;0;0;0;0;0;0;0;0;0;0;0;0
M0R226;0;0;0;0;0;0;0;0;0;0;0;0
O00165;0;0;0;0;0;0;0;0;0;0;0;0
O14777;0;0;0;0;0;0;0;0;0;0;0;0
Q5VZY9;0;0;0;0;0;0;0;0;0;0;0;0
O75223;0;0;0;0;0;0;0;0;0;0;0;0
O94925-3;0;0;0;0;0;0;0;0;0;0;0;0
O95905;0;0;0;0;0;0;0;0;0;0;0;0
P00558;0;0;0;0;0;0;0;0;0;0;0;0
P04350;0;0;0;0;0;0;0;0;0;0;0;0
P10644;0;0;0;0;0;0;0;0;0;0;0;0
P12074;0;0;0;0;0;0;0;0;0;0;0;0
P13861-2;0;0;0;0;0;0;0;0;0;0;0;0
P15260;0;0;0;0;0;0;0;0;0;0;0;0
P16949;0;0;0;0;0;0;0;0;0;0;0;0
P19623;0;0;0;0;0;0;0;0;0;0;0;0
P19838;0;0;0;0;0;0;0;0;0;0;0;0
P20042;0;0;0;0;1;0;0;1;0;0;0;0
P25325-2;0;0;0;0;0;0;0;0;0;0;0;0
P25490;0;0;0;0;0;0;0;0;0;0;0;0
P27694;0;0;0;0;0;0;0;0;0;0;0;0
P30101;0;0;0;0;0;0;0;0;0;0;0;0
P31930;0;0;0;0;0;0;0;0;0;0;0;0
P36404;0;0;0;0;0;0;0;0;0;0;0;0
P41227;0;0;0;0;0;0;0;0;0;0;0;0
P46013-2;0;0;0;0;0;0;0;0;0;0;0;0
P48735;0;0;0;0;0;0;0;0;0;0;0;0
P50552;0;0;0;0;0;0;0;0;0;0;0;0
P50579-3;0;0;0;0;0;0;0;0;0;0;0;0
P53597;0;0;0;0;0;0;0;0;0;0;0;0
P54652;0;0;0;0;0;0;0;0;0;0;0;0
P54687-4;0;0;0;0;0;0;0;0;0;0;0;0
P57740;0;0;0;0;0;0;0;0;0;0;0;0
P60763;0;0;0;0;0;0;0;0;0;0;0;0
P61088;0;0;0;0;0;0;0;0;0;0;0;0
P61769;0;0;0;0;0;0;0;1;0;0;0;0
P61956-2;0;0;0;0;0;0;0;0;0;0;0;0
P62987;0;0;0;0;0;0;0;0;0;0;0;0
P68133;0;0;0;0;0;1;1;0;0;0;0;0
Q13907;0;0;0;0;0;0;0;0;0;0;0;0
Q5JTD0-2;0;0;0;0;0;0;0;0;0;0;0;0
Q5VUA4;0;0;0;0;0;0;0;0;0;0;0;0
Q7Z5K2;0;0;0;0;0;0;0;0;0;0;0;0
Q86W56-3;0;0;0;0;0;0;0;0;0;0;0;0
Q8IW35;0;0;0;0;0;0;0;0;0;0;0;0
Q8N7R7-3;0;0;0;0;0;0;0;0;0;0;0;0
Q8NBF2;0;0;0;0;0;0;0;0;0;0;0;0
Q8NFH5-2;0;0;0;0;0;0;0;0;0;0;0;0
Q8WUX2;0;0;0;0;0;0;0;0;0;0;0;0
Q8WXX5;0;0;0;0;0;0;0;0;0;0;0;0
Q92845-4;0;0;0;0;0;0;0;0;0;0;0;0
Q96D53;0;0;0;0;0;0;0;0;0;0;0;0
Q96QA5;0;0;0;0;0;0;0;0;0;0;0;0
Q9BPZ7-5;0;0;0;0;0;0;0;0;0;0;0;0
Q9BQ39;0;0;0;0;0;0;0;0;0;0;0;0
Q9BU76;0;0;0;0;0;0;0;0;0;0;0;0
Q9BYJ9;0;0;0;0;0;0;0;0;0;0;0;0
Q9BZE4;0;0;0;0;0;0;0;0;0;0;0;0
Q9NQS1;0;0;0;0;0;0;0;0;0;0;0;0
Q9NS87;0;0;0;0;0;0;0;0;0;0;0;0
Q9NXH9-2;0;0;0;0;0;0;0;0;0;0;0;0
Q9P1Z2-2;0;0;0;0;0;0;0;0;0;0;0;0
Q9UGP8;0;0;0;0;0;0;0;0;0;0;0;0
Q9UKA4;0;0;0;0;0;0;0;0;0;0;0;0
Q9Y478;0;0;0;0;0;0;0;0;0;0;0;0
Q9Y4K3;0;0;0;0;0;0;0;0;0;0;0;0
A0A024RAC6;0;0;0;0;0;0;0;0;0;0;0;0
Q9BRT8;0;0;0;0;0;0;0;0;0;0;0;0
F8W8R3;0;0;0;0;0;0;0;0;0;0;0;0
A0A087WWP4;0;0;0;0;0;0;0;0;0;0;0;0
A0A0A0MQU6;0;0;0;0;0;0;0;0;0;0;0;0
A0A0B4J1Z1;0;0;0;0;0;0;0;0;0;0;0;0
Q9UHX1;0;0;0;0;0;0;0;0;0;0;0;0
A0A0U1RQE4;0;0;0;0;0;0;0;0;0;0;0;0
H0YMA4;0;0;0;0;0;0;0;0;0;0;0;0
A0A0U1RRM1;0;0;0;0;0;0;0;0;0;0;0;0
A0A1B0GVL3;0;0;0;0;0;0;0;0;0;0;0;0
F5H4Q5;0;0;0;0;0;0;0;0;0;0;0;0
B1AK81;0;0;0;0;0;0;0;0;0;0;0;0
B1AKR6;0;0;0;0;0;0;0;0;0;0;0;0
H0YKQ8;0;0;0;0;0;0;0;0;0;0;0;0
C9JQQ5;0;0;0;0;0;0;0;0;0;0;0;0
B7Z5N5;0;0;0;0;0;0;0;0;0;0;0;0
B7Z7F3;0;0;0;0;0;0;0;0;0;0;0;0
B8ZZN6;0;0;0;0;0;0;0;0;0;0;0;0
H7C1T3;0;0;0;0;0;0;0;0;0;0;0;0
D6RAX7;0;0;0;0;0;0;0;0;0;0;0;0
E7EVB6;0;0;0;0;0;0;0;0;0;0;0;0
E9PB61;0;0;0;0;0;0;0;0;0;0;0;0
E9PEB5;0;0;0;0;0;0;0;0;0;0;0;0
E9PEI0;0;0;0;0;0;0;0;0;0;0;0;0
E9PEX6;0;0;0;0;0;0;0;0;0;0;0;0
E9PH82;0;0;0;0;0;0;0;0;0;0;0;0
H0Y742;0;0;0;0;0;0;0;0;0;0;0;0
E9PKP7;0;0;0;0;0;0;0;0;0;0;0;0
E9PSG0;0;0;0;0;0;0;0;0;0;0;0;0
F1DAL9;0;0;0;0;0;0;0;0;0;0;0;0
Q6ZU35;0;0;0;0;0;0;0;0;0;0;0;0
F6T1Q0;0;0;0;0;0;0;0;0;0;0;0;0
F8VY04;0;0;0;0;0;0;0;0;0;0;0;0
F8VYE8;0;0;0;0;0;0;0;0;0;0;0;0
F8WAN1;0;0;0;0;0;0;0;0;0;0;0;0
H0Y360;0;0;0;0;0;0;0;0;0;0;0;0
H0Y3N9;0;0;0;0;0;0;0;0;0;0;0;0
Q96EY4;0;0;0;0;0;0;0;0;0;0;0;0
H3BP71;0;0;0;0;0;0;0;0;0;0;0;0
H3BPK3;0;0;0;0;0;0;0;0;0;0;0;0
H3BRL9;0;0;0;0;0;0;0;0;0;0;0;0
H3BRM0;0;0;0;0;0;0;0;0;0;0;0;0
Q9H3G5;0;0;0;0;0;0;0;0;0;0;0;0
I3L100;0;0;0;0;0;0;0;0;0;0;0;0
J3KRA9;0;0;0;0;0;0;0;0;0;0;0;0
K4DI93;0;0;0;0;0;0;0;0;0;0;0;0
K7EIE8;0;0;0;0;0;0;0;0;0;0;0;0
Q96S99;0;0;0;0;0;0;0;0;0;0;0;0
M0QY97;0;0;0;0;0;0;0;0;0;0;0;0
O00273-2;0;0;0;0;0;0;0;0;0;0;0;0
O00443;0;0;0;0;0;0;0;0;0;0;0;0
O00764-2;0;0;0;0;0;0;0;0;0;0;0;0
O14495;0;0;0;0;0;0;0;0;0;0;0;0
O14763-2;0;0;0;0;0;0;0;0;0;0;0;0
O15037;0;0;0;0;0;0;0;0;0;0;0;0
O15066;0;0;0;0;0;0;0;0;0;0;0;0
O15085;0;0;0;0;0;0;0;0;0;0;0;0
O15116;0;0;0;0;0;0;0;0;0;0;0;0
O43148-2;0;0;0;0;0;0;0;0;0;0;0;0
O43164-2;0;0;0;0;0;0;0;0;0;0;0;0
O43303-2;0;0;0;0;0;0;0;0;0;0;0;0
O43395;0;0;0;0;0;0;0;0;0;0;0;0
O60292;0;0;0;0;0;0;0;0;0;0;0;0
O60664-4;0;0;0;0;0;0;0;0;0;0;0;0
O75348;0;0;0;0;0;0;0;0;0;0;0;0
O75607;0;0;0;0;0;0;0;0;0;0;0;0
O95071-2;0;0;0;0;0;0;0;0;0;0;0;0
O95197-7;0;0;0;0;0;0;0;0;0;0;0;0
O95881;0;0;0;0;0;0;0;0;0;0;0;0
O96019-2;0;0;0;0;0;0;0;0;0;0;0;0
P00505;0;0;0;0;0;0;0;0;0;0;0;0
P13804-2;0;0;0;0;0;0;0;0;0;0;0;0
P13807;0;0;0;0;0;0;0;0;0;0;0;0
P17096;0;0;0;0;0;0;0;0;0;0;0;0
P21964-2;0;0;0;0;0;0;0;0;0;0;0;0
P25098;0;0;0;0;0;0;0;0;0;0;0;0
P25311;0;0;0;0;0;0;0;0;0;0;0;0
P26196;0;0;0;0;0;0;0;0;0;0;0;0
P28066;0;0;0;0;0;0;0;0;0;0;0;0
P35612;0;0;0;0;0;0;0;0;0;0;0;0
P36405;0;0;0;0;0;0;0;0;0;0;0;0
P37837;0;0;0;0;0;0;0;0;0;0;0;0
P42695;0;0;0;0;0;0;0;0;0;0;0;0
Q5T3H5;0;0;0;0;0;0;0;0;0;0;0;0
P55957;0;0;0;0;0;0;0;0;0;0;0;0
P56377;0;0;0;0;0;0;0;0;0;0;0;0
P58546;0;0;0;0;0;0;0;0;0;0;0;0
P61254;0;0;0;0;0;0;0;0;0;0;0;0
P61960;0;0;0;0;0;0;0;0;0;0;0;0
P63208;0;0;0;0;0;0;0;0;0;0;0;0
P68402;0;0;0;0;0;0;0;0;0;0;0;0
P84085;0;0;0;0;0;0;0;0;0;0;0;0
Q00534;0;0;0;0;0;0;0;0;0;0;0;0
Q07021;0;0;0;0;0;0;0;0;0;0;0;0
Q0JRZ9-3;0;0;0;0;0;0;0;0;0;0;0;0
Q13190-3;0;0;0;0;0;0;0;0;0;0;0;0
Q13835-2;0;0;0;0;0;0;0;0;0;0;0;0
Q14644-2;0;0;0;0;0;0;0;0;0;0;0;0
Q147X3;0;0;0;0;0;0;0;0;0;0;0;0
Q14966;0;0;0;0;0;0;0;0;0;0;0;0
Q15075;0;0;0;0;0;0;0;0;0;0;0;0
Q16718;0;0;0;0;0;0;0;0;0;0;0;0
Q16822;0;0;0;0;0;0;0;0;0;0;0;0
Q2TAL8;0;0;0;0;0;0;0;0;0;0;0;0
Q52LJ0;0;0;0;0;0;0;0;0;0;0;0;0
Q53EL6;0;0;0;0;0;0;0;0;0;0;0;0
Q5JR04;0;0;0;0;0;0;0;0;0;0;0;0
Q5SY16;0;0;0;0;0;0;0;0;0;0;0;0
Q5T196;0;0;0;0;0;0;0;0;0;0;0;0
Q5T6H7;0;0;0;0;0;0;0;0;0;0;0;0
Q5TCQ9-3;0;0;0;0;0;0;0;0;0;0;0;0
Q5TH30;0;0;0;0;0;0;0;0;0;0;0;0
Q66K14-2;0;0;0;0;0;0;0;0;0;0;0;0
Q6IBS0;0;0;0;0;0;0;0;0;0;0;0;0
Q6P158;0;0;0;0;0;0;0;0;0;0;0;0
Q6PHR2-3;0;0;0;0;0;0;0;0;0;0;0;0
Q6PJG6;0;0;0;0;0;0;0;0;0;0;0;0
Q6R327;0;0;0;0;0;0;0;0;0;0;0;0
Q6UVK1;0;0;0;0;0;0;0;0;0;0;0;0
Q7L099-4;0;0;0;0;0;0;0;0;0;0;0;0
Q7L2J0;0;0;0;0;0;0;0;0;0;0;0;0
Q7Z2T5;0;0;0;0;0;0;0;0;0;0;0;0
Q86SX3-2;0;0;0;0;0;0;0;0;0;0;0;0
Q86TJ2-3;0;0;0;0;0;0;0;0;0;0;0;0
Q86UY6-3;0;0;0;0;0;0;0;0;0;0;0;0
Q8N8A6;0;0;0;0;0;0;0;0;0;0;0;0
Q8NBS9-2;0;0;0;0;0;0;0;0;0;0;0;0
Q8NEW0;0;0;0;0;0;0;0;0;0;0;0;0
Q8NEZ5;0;0;0;0;0;0;0;0;0;0;0;0
Q8NFQ8;0;0;0;0;0;0;0;0;0;0;0;0
Q8NHV4-2;0;0;0;0;0;0;0;0;0;0;0;0
Q8TDN6;0;0;0;0;0;0;0;0;0;0;0;0
Q92604;0;0;0;0;0;0;0;0;0;0;0;0
Q93077;0;0;0;0;0;0;0;0;0;0;0;0
Q969S3;0;0;0;0;0;0;0;0;0;0;0;0
Q969Z0-2;0;0;0;0;0;0;0;0;0;0;0;0
Q96EA4-2;0;0;0;0;0;0;0;0;0;0;0;0
Q96EF6;0;0;0;0;0;0;0;0;0;0;0;0
Q96EP0;0;0;0;0;0;0;0;0;0;0;0;0
Q96GM8;0;0;0;0;0;0;0;0;0;0;0;0
Q96K37;0;0;0;0;0;0;0;0;0;0;0;0
Q96M27;0;0;0;0;0;0;0;0;0;0;0;0
Q96RG2-4;0;0;0;0;0;0;0;0;0;0;0;0
Q96S59;0;0;0;0;0;0;0;0;0;0;0;0
Q99543-2;0;0;0;0;0;0;0;0;0;0;0;0
Q99733;0;0;0;0;0;0;0;0;0;0;0;0
Q9BQ52-4;0;0;0;0;0;0;0;0;0;0;0;0
Q9BUQ8;0;0;0;0;0;0;0;0;0;0;0;0
Q9BVG4;0;0;0;0;0;0;0;0;0;0;0;0
Q9BVJ6-3;0;0;0;0;0;0;0;0;0;0;0;0
Q9BXB5;0;0;0;0;0;0;0;0;0;0;0;0
Q9BXW7;0;0;0;0;0;0;0;0;0;0;0;0
Q9BZE9;0;0;0;0;0;0;0;0;0;0;0;0
Q9C0F1-2;0;0;0;0;0;0;0;0;0;0;0;0
Q9GZT9-2;0;0;0;0;0;0;0;0;0;0;0;0
Q9H6R4-4;0;0;0;0;0;0;0;0;0;0;0;0
Q9H6R7;0;0;0;0;0;0;0;0;0;0;0;0
Q9H7P6;0;0;0;0;0;0;0;0;0;0;0;0
Q9H8H0;0;0;0;0;0;0;0;0;0;0;0;0
Q9NP66;0;0;0;0;0;0;0;0;0;0;0;0
Q9NRN7;0;0;0;0;0;0;0;0;0;0;0;0
Q9NVH1-3;0;0;0;0;0;0;0;0;0;0;0;0
Q9NVJ2;0;0;0;0;0;0;0;0;0;0;0;0
Q9NWZ5-4;0;0;0;0;0;0;0;0;0;0;0;0
Q9NZL4;0;0;0;0;0;0;0;0;0;0;0;0
Q9P260-2;0;0;0;0;0;0;0;0;0;0;0;0
Q9UBM7;0;0;0;0;0;0;0;0;0;0;0;0
Q9UID3-2;0;0;0;0;0;0;0;0;0;0;0;0
Q9UIG0-2;0;0;0;0;0;0;0;0;0;0;0;0
Q9UJX4;0;0;0;0;0;0;0;0;0;0;0;0
Q9UJY4;0;0;0;0;0;0;0;0;0;0;0;0
Q9ULC4-3;0;0;0;0;0;0;0;0;0;0;0;0
Q9ULJ7-2;0;0;0;0;0;0;0;0;0;0;0;0
Q9ULL5-3;0;0;0;0;0;0;0;0;0;0;0;0
Q9ULX6-2;0;0;0;0;0;0;0;0;0;0;0;0
Q9UN30-1;0;0;0;0;0;0;0;0;0;0;0;0
Q9UNX4;0;0;0;0;0;0;0;0;0;0;0;0
Q9Y2D8-2;0;0;0;0;0;0;0;0;0;0;0;0
Q9Y2H2;0;0;0;0;0;0;0;0;0;0;0;0
Q9Y2S7;0;0;0;0;0;0;0;0;0;0;0;0
Q9Y3B4;0;0;0;0;0;0;0;0;0;0;0;0
Q9Y4C2-2;0;0;0;0;0;0;0;0;0;0;0;0
Q9Y5J1;0;0;0;0;0;0;0;0;0;0;0;0
Q9Y5X3;0;0;0;0;0;0;0;0;0;0;0;0
Q9Y646;0;0;0;0;0;0;0;0;0;0;0;0
Q9Y6C9;0;0;0;0;0;0;0;0;0;0;0;0
A0A087WU65;0;0;0;0;0;0;0;0;0;0;0;0
A0A087X211;0;0;0;0;0;0;0;0;0;0;0;0
B1AKY9;0;0;0;0;0;0;0;0;0;0;0;0
B1ALY0;0;0;0;0;0;0;0;0;0;0;0;0
B1AMS2;0;0;0;0;0;0;0;0;0;0;0;0
H7C173;0;0;0;0;0;0;0;0;0;0;0;0
C9J712;0;0;0;0;0;0;0;0;0;0;0;0
C9JC63;0;0;0;0;0;0;0;0;0;0;0;0
C9JLU1;0;0;0;0;0;0;0;0;0;0;0;0
D6RFH4;0;0;0;0;0;0;0;0;0;0;0;0
E7EPI0;0;0;0;0;0;0;0;0;0;0;0;0
E9PID8;0;0;0;0;0;0;0;0;0;0;0;0
E9PR67;0;0;0;0;0;0;0;0;0;0;0;0
F5GXW5;0;0;0;0;0;0;0;0;0;0;0;0
K7EMS3;0;0;0;0;0;0;0;0;0;0;0;0
O00629;0;0;0;0;0;0;0;0;0;0;0;0
O15397;0;0;0;0;0;0;0;0;0;0;0;0
O95405;0;0;0;0;0;0;0;0;0;0;0;0
O95861-3;0;0;0;0;0;0;0;0;0;0;0;0
O96007;0;0;0;0;0;0;0;0;0;0;0;0
P05455;0;0;0;0;0;0;0;0;0;0;0;0
P09429;0;0;0;0;0;0;0;0;0;0;0;0
P15927;0;0;0;0;0;0;0;0;0;0;0;0
P20290-2;0;0;0;0;0;0;0;0;0;0;0;0
P30044-2;0;0;0;0;0;0;0;0;0;0;0;0
P31944;0;0;0;0;0;0;0;0;0;0;0;0
P37108;0;0;0;0;0;0;0;0;0;0;0;0
P39687;0;0;0;0;0;0;0;0;0;0;0;0
P46926;0;0;0;0;0;0;0;0;0;0;0;0
P54577;0;0;0;0;0;0;0;0;0;0;0;0
P56385;0;0;0;0;0;0;0;0;0;0;0;0
Q08499-7;0;0;0;0;0;0;0;0;0;0;0;0
Q12899;0;0;0;0;0;0;0;0;0;0;0;0
Q12962;0;0;0;0;0;0;0;0;0;0;0;0
Q5T160;0;0;0;0;0;0;0;0;0;0;0;0
Q5TCY1;0;0;0;0;0;0;0;0;0;0;0;0
Q6ZVM7-5;0;0;0;0;0;0;0;0;0;0;0;0
Q86T03;0;0;0;0;0;0;0;0;0;0;0;0
Q8IY17-5;0;0;0;0;0;0;0;0;0;0;0;0
Q8WXD5;0;0;0;0;0;0;0;0;0;0;0;0
Q96P63;0;0;0;0;0;0;0;0;0;0;0;0
Q9BRS2;0;0;0;0;0;0;0;0;0;0;0;0
Q9BT25-2;0;0;0;0;0;0;0;0;0;0;0;0
Q9H329-2;0;0;0;0;0;0;0;0;0;0;0;0
Q9HCG8;0;0;0;0;0;0;0;0;0;0;0;0
Q9NRX4-2;0;0;0;0;0;0;0;0;0;0;0;0
Q9NS86;0;0;0;0;0;0;0;0;0;0;0;0
Q9UH99-3;0;0;0;0;0;0;0;0;0;0;0;0
A0A075B754;0;0;0;0;0;0;0;0;0;0;0;0
A0A087WW66;0;0;0;0;0;0;0;0;0;0;0;0
A0A087WX99;0;0;0;0;0;0;0;0;0;0;0;0
H7BZQ3;0;0;0;0;0;0;0;0;0;0;0;0
A0A087WYF6;0;0;0;0;0;0;0;0;0;0;0;0
A0A096LPI6;0;0;0;0;0;0;0;0;0;0;0;0
U3KQC1;0;0;0;0;0;0;0;0;0;0;0;0
B3KYB6;0;0;0;0;0;0;0;0;0;0;0;0
F8WDD7;0;0;0;0;0;0;0;0;0;0;0;0
A0A0C4DFV9;0;0;0;0;0;0;0;0;0;0;0;0
A0A0C4DFX4;0;0;0;0;0;0;0;0;0;0;0;0
H0Y488;0;0;0;0;0;0;0;0;0;0;0;0
A0A1B0GUI1;0;0;0;0;0;0;0;0;0;0;0;0
A0A1B0GW44;0;0;0;0;0;0;0;0;0;0;0;0
A8MXV4;0;0;0;0;0;0;0;0;0;0;0;0
B0S8I6;0;0;0;0;0;0;0;0;0;0;0;0
B4DJ81;0;0;0;0;0;0;0;0;0;0;0;0
B7ZAQ6-2;0;0;0;0;0;0;0;0;0;0;0;0
B8ZZQ6;0;0;0;0;0;0;0;0;0;0;0;0
C9JK83;0;0;0;0;0;0;0;0;0;0;0;0
J3QKR0;0;0;0;0;0;0;0;0;0;0;0;0
P15121;0;0;0;0;0;0;0;0;0;0;0;0
E9PK47;0;0;0;0;0;0;0;0;0;0;0;0
E9PKH6;0;0;0;0;0;0;0;0;0;0;0;0
F5H5A3;0;0;0;0;0;0;0;0;0;0;0;0
G3V0E4;0;0;0;0;0;0;0;0;0;0;0;0
P09661;0;0;0;0;0;0;0;0;0;0;0;0
I3L297;0;0;0;0;0;0;0;0;0;0;0;0
J3KS22;0;0;0;0;0;0;0;0;0;0;0;0
Q7KZJ0;0;0;0;0;0;0;0;0;0;0;0;0
J3QLS3;0;0;0;0;0;0;0;0;0;0;0;0
O00232;0;0;0;0;0;0;0;0;0;0;0;0
O14640-2;0;0;0;0;0;0;0;0;0;0;0;0
O43324;0;0;0;0;0;0;0;0;0;0;0;0
O60216;0;0;0;0;0;0;0;0;0;0;0;0
O60294;0;0;0;0;0;0;0;0;0;0;0;0
O60488-2;0;0;0;0;0;0;0;0;0;0;0;0
O60942-3;0;0;0;0;0;0;0;0;0;0;0;0
O75083;0;0;0;0;0;0;0;0;0;0;0;0
O75145-2;0;0;0;0;0;0;0;0;0;0;0;0
O75367-2;0;0;0;0;0;0;0;0;0;0;0;0
O94992;0;0;0;0;0;0;0;0;0;0;0;0
P04040;0;0;0;0;0;0;0;0;0;0;0;0
P05204;0;0;0;0;0;0;0;0;0;0;0;0
P09960;0;0;0;0;0;0;0;0;0;0;0;0
P47985;0;0;0;0;0;0;0;0;0;0;0;0
P11387;0;0;0;0;0;0;0;0;0;0;0;0
P13473-2;0;0;0;0;0;0;0;0;0;0;0;0
P14550;0;0;0;0;0;0;0;0;0;0;0;0
P18754;0;0;0;0;0;0;0;0;0;0;0;0
P20962;0;0;0;0;0;0;0;0;0;0;0;0
P26045-3;0;0;0;0;0;0;0;0;0;0;0;0
P26583;0;0;0;0;0;0;0;0;0;0;0;0
P27144;0;0;0;0;0;0;0;0;0;0;0;0
P27695;0;0;0;0;0;0;0;0;0;0;0;0
P27797;0;0;0;0;0;0;0;0;0;0;0;0
P30084;0;0;0;0;0;0;0;0;0;0;0;0
P41208;0;0;0;0;0;0;0;0;0;0;0;0
P46087-2;0;0;0;0;0;0;0;0;0;0;0;0
P49454;0;0;0;0;0;0;0;0;0;0;0;0
P49736;0;0;0;0;0;0;0;0;0;0;0;0
P52948-6;0;0;0;0;0;0;0;0;0;0;0;0
P55196-3;0;0;0;0;0;0;0;0;0;0;0;0
P56545;0;0;0;0;0;0;0;0;0;0;0;0
P61964;0;0;0;0;0;0;0;0;0;0;0;0
Q8WVC2;0;0;0;0;0;0;0;0;0;0;0;0
Q5SRQ6;0;0;0;0;0;0;0;0;0;0;0;0
Q01780;0;0;0;0;0;0;0;0;0;0;0;0
Q03252;0;0;0;0;0;0;0;0;0;0;0;0
Q03701;0;0;0;0;0;0;0;0;0;0;0;0
Q04837;0;0;0;0;0;0;0;0;0;0;0;0
Q12797;0;0;0;0;0;0;0;0;0;0;0;0
Q13137-4;0;0;0;0;0;0;0;0;0;0;0;0
Q14139;0;0;0;0;0;0;0;0;0;0;0;0
Q14558;0;0;0;0;0;0;0;0;0;0;0;0
Q14964;0;0;0;0;0;0;0;0;0;0;0;0
Q15120;0;0;0;0;0;0;0;0;0;0;0;0
Q15459;0;0;0;0;0;0;0;0;0;0;0;0
Q16762;0;0;0;0;0;0;0;0;0;0;0;0
Q16763;0;0;0;0;0;0;0;0;0;0;0;0
Q4KMG0-2;0;0;0;0;0;0;0;0;0;0;0;0
Q5T5P2-4;0;0;0;0;0;0;0;0;0;0;0;0
Q5VIR6-4;0;0;0;0;0;0;0;0;0;0;0;0
Q6UWP7-3;0;0;0;0;0;0;0;0;0;0;0;0
Q6ZXV5-2;0;0;0;0;0;0;0;0;0;0;0;0
Q86WJ1;0;0;0;0;0;0;0;0;0;0;0;0
Q86WX3;0;0;0;0;0;0;0;0;0;0;0;0
Q86XP3;0;0;0;0;0;0;0;0;0;0;0;0
Q8IU81;0;0;0;0;0;0;0;0;0;0;0;0
Q8IVT5-2;0;0;0;0;0;0;0;0;0;0;0;0
Q8N3U4;0;0;0;0;0;0;0;0;0;0;0;0
Q8N961;0;0;0;0;0;0;0;0;0;0;0;0
Q8TC12-2;0;0;0;0;0;0;0;0;0;0;0;0
Q8WUA2;0;0;0;0;0;0;0;0;0;0;0;0
Q92556;0;0;0;0;0;0;0;0;0;0;0;0
Q92797;0;0;0;0;0;0;0;0;0;0;0;0
Q96A33-2;0;0;0;0;0;0;0;0;0;0;0;0
Q96ES7;0;0;0;0;0;0;0;0;0;0;0;0
Q96HY6;0;0;0;0;0;0;0;0;0;0;0;0
Q96ME1-4;0;0;0;0;0;0;0;0;0;0;0;0
Q96NB2;0;0;0;0;0;0;0;0;0;0;0;0
Q99442;0;0;0;0;0;0;0;0;0;0;0;0
Q9BRF8;0;0;0;0;0;0;0;0;0;0;0;0
Q9BS26;0;0;0;0;0;0;0;0;0;0;0;0
Q9BT22;0;0;0;0;0;0;0;0;0;0;0;0
Q9BTY7;0;0;0;0;0;0;0;0;0;0;0;0
Q9BX67-2;0;0;0;0;0;0;0;0;0;0;0;0
Q9H444;0;0;0;0;0;0;0;0;0;0;0;0
Q9H6D7;0;0;0;0;0;0;0;0;0;0;0;0
Q9H7Z3;0;0;0;0;0;0;0;0;0;0;0;0
Q9H993;0;0;0;0;0;0;0;0;0;0;0;0
Q9NRK6;0;0;0;0;0;0;0;0;0;0;0;0
Q9NTI5-2;0;0;0;0;0;0;0;0;0;0;0;0
Q9NWS0;0;0;0;0;0;0;0;0;0;0;0;0
Q9NXE4-4;0;0;0;0;0;0;0;0;0;0;0;0
Q9UBI9;0;0;0;0;0;0;0;0;0;0;0;0
Q9ULE6;0;0;0;0;0;0;0;0;0;0;0;0
Q9UMX1;0;0;0;0;0;0;0;0;0;0;0;0
Q9Y2W1;0;0;0;0;0;0;0;0;0;0;0;0
Q9Y2W2;0;0;0;0;0;0;0;0;0;0;0;0
Q9Y333;0;0;0;0;0;0;0;0;0;0;0;0
Q9Y4G6;0;0;0;0;0;0;0;0;0;0;0;0
Q9Y5B9;0;0;0;0;0;0;0;0;0;0;0;0
Q9Y5V3;0;0;0;0;0;0;0;0;0;0;0;0
A0A087WYR3;0;0;0;0;0;0;0;0;0;0;0;0
Q13098-7;0;0;0;0;0;0;0;0;0;0;0;0
A0A1B0GV49;0;0;0;0;0;0;0;0;0;0;0;0
F2Z2Y6;0;0;0;0;0;0;0;0;0;0;0;0
P34949;0;0;0;0;0;0;0;0;0;0;0;0
F5H1S8;0;0;0;0;0;0;0;0;0;0;0;0
H3BNX8;0;0;0;0;0;0;0;0;0;0;0;0
M0R0M7;0;0;0;0;0;0;0;0;0;0;0;0
O14966;0;0;0;0;0;0;0;0;0;0;0;0
P13667;0;0;0;0;0;0;0;0;0;0;0;0
P18859-2;0;0;0;0;0;0;0;0;0;0;0;0
P30040;0;0;0;0;0;0;0;0;0;0;0;0
P30049;0;0;0;0;0;0;0;0;0;0;0;0
P42765;0;0;0;0;0;0;0;0;0;0;0;0
P51665;0;0;0;0;0;0;0;0;0;0;0;0
P61160;0;0;0;0;0;0;0;0;0;0;0;0
Q12788;0;0;0;0;0;0;0;0;0;0;0;0
Q13573;0;0;0;0;0;0;0;0;0;0;0;0
Q8NI35;0;0;0;0;0;0;0;0;0;0;0;0
Q8WWC4;0;0;0;0;0;0;0;0;0;0;0;0
Q96KQ4;0;0;0;0;0;0;0;0;0;0;0;0
Q96RR1-3;0;0;0;0;0;0;0;0;0;0;0;0
Q9BQ95;0;0;0;0;0;0;0;0;0;0;0;0
Q9BRA2;0;0;0;0;0;0;0;0;0;0;0;0
Q9UII2;0;0;0;0;0;0;0;0;0;0;0;0
A0A087WVA8;0;0;0;0;0;0;0;0;0;0;0;0
C9J979;0;0;0;0;0;0;0;0;0;0;0;0
A0A087X1H5;0;0;0;0;0;0;0;0;0;0;0;0
A0A0A6YYI3;0;0;0;0;0;0;0;0;0;0;0;0
A0A0C4DFX9;0;0;0;0;0;0;0;0;0;0;0;0
A0A0C4DGV4;0;0;0;0;0;0;0;0;0;0;0;0
A0A0U1RRH6;0;0;0;0;0;0;0;0;0;0;0;0
A6NF31;0;0;0;0;0;0;0;0;0;0;0;0
A6NHR9-2;0;0;0;0;0;0;0;0;0;0;0;0
P62308;0;0;0;0;0;0;0;0;0;0;0;0
E9PFD4;0;0;0;0;0;0;0;0;0;0;0;0
C9J7B1;0;0;0;0;0;0;0;0;0;0;0;0
E5RI99;0;0;0;0;0;0;0;0;0;0;0;0
E5RK82;0;0;0;0;0;0;0;0;0;0;0;0
E7EMZ9;0;0;0;0;0;0;0;0;0;0;0;0
E9PD68;0;0;0;0;0;0;0;0;0;0;0;0
E9PJ42;0;0;0;0;0;0;0;0;0;0;0;0
F5H669;0;0;0;0;0;0;0;0;0;0;0;0
F8VU90;0;0;0;0;0;0;0;0;0;0;0;0
F8W1U0;0;0;0;0;0;0;0;0;0;0;0;0
F8W930;0;0;0;0;0;0;0;0;0;0;0;0
F8WJN3;0;0;0;0;0;0;0;0;0;0;0;0
G3V1C3;0;0;0;0;0;0;0;0;0;0;0;0
P54132;0;0;0;0;0;0;0;0;0;0;0;0
H7C2Q8;0;0;0;0;0;0;0;0;0;0;0;0
I3L159;0;0;0;0;0;0;0;0;0;0;0;0
K7EIU8;0;0;0;0;0;0;0;0;0;0;0;0
O14523-2;0;0;0;0;0;0;0;0;0;0;0;0
O15226;0;0;0;0;0;0;0;0;0;0;0;0
Q5T8U5;0;0;0;0;0;0;0;0;0;0;0;0
O43290;0;0;0;0;0;0;0;0;0;0;0;0
O43741;0;0;0;0;0;0;0;0;0;0;0;0
O60244;0;0;0;0;0;0;0;0;0;0;0;0
O75381-2;0;0;0;0;0;0;0;0;0;0;0;0
O75683;0;0;0;0;0;0;0;0;0;0;0;0
O95104-2;0;0;0;0;0;0;0;0;0;0;0;0
P08574;0;0;0;0;0;0;0;0;0;0;0;0
P10515;0;0;0;0;0;0;0;0;0;0;0;0
P11279;0;0;0;0;0;0;0;0;0;0;0;0
P11908;0;0;0;0;0;0;0;0;0;0;0;0
P12270;0;0;0;0;0;0;0;0;0;0;0;0
P29508;0;0;0;0;0;0;0;0;0;0;0;0
P31942-2;0;0;0;0;0;0;0;0;0;0;0;0
P35606-2;0;0;0;0;0;0;0;0;0;0;0;0
P36957;0;0;0;0;0;0;0;0;0;0;0;0
P49642;0;0;0;0;0;0;0;0;0;0;0;0
P49643;0;0;0;0;0;0;0;0;0;0;0;0
P49750-3;0;0;0;0;0;0;0;0;0;0;0;0
P49754-2;0;0;0;0;0;0;0;0;0;0;0;0
P51970;0;0;0;0;0;0;0;0;0;0;0;0
P58557;0;0;0;0;0;0;0;0;0;0;0;0
P63096;0;0;0;0;0;0;0;0;0;0;0;0
Q01968-2;0;0;0;0;0;0;0;0;0;0;0;0
Q03164-2;0;0;0;0;0;0;0;0;0;0;0;0
Q13015;0;0;0;0;0;0;0;0;0;0;0;0
Q13084;0;0;0;0;0;0;0;0;0;0;0;0
Q13330-3;0;0;0;0;0;0;0;0;0;0;0;0
Q13823;0;0;0;0;0;0;0;0;0;0;0;0
Q14149;0;0;0;0;0;0;0;0;0;0;0;0
Q14687-2;0;0;0;0;0;0;0;0;0;0;0;0
Q15125;0;0;0;0;0;0;0;0;0;0;0;0
Q15404-2;0;0;0;0;0;0;0;0;0;0;0;0
Q15428;0;0;0;0;0;0;0;0;0;0;0;0
Q15650;0;0;0;0;0;0;0;0;0;0;0;0
Q16537;0;0;0;0;0;0;0;0;0;0;0;0
Q460N5-4;0;0;0;0;0;0;0;0;0;0;0;0
Q9H583;0;0;0;0;0;0;0;0;0;0;0;0
Q68E01-4;0;0;0;0;0;0;0;0;0;0;0;0
Q6NZY4;0;0;0;0;0;0;0;0;0;0;0;0
Q6SJ93;0;0;0;0;0;0;0;0;0;0;0;0
Q6UN15-3;0;0;0;0;0;0;0;0;0;0;0;0
Q709C8-4;0;0;0;0;0;0;0;0;0;0;0;0
Q7KYR7-3;0;0;0;0;0;0;0;0;0;0;0;0
Q86W42-3;0;0;0;0;0;0;0;0;0;0;0;0
Q86WA8;0;0;0;0;0;0;0;0;0;0;0;0
Q8IZD4;0;0;0;0;0;0;0;0;0;0;0;0
Q8N1B4;0;0;0;0;0;0;0;0;0;0;0;0
Q8TDD1;0;0;0;0;0;0;0;0;0;0;0;0
Q8WUK0;0;0;0;0;0;0;0;0;0;0;0;0
Q8WVK7;0;0;0;0;0;0;0;0;0;0;0;0
Q8WXF1;0;0;0;0;0;0;0;0;0;0;0;0
Q92771;0;0;0;0;0;0;0;0;0;0;0;0
Q96DI7-2;0;0;0;0;0;0;0;0;0;0;0;0
Q96LT7;0;0;0;0;0;0;0;0;0;0;0;0
Q99871-3;0;0;0;0;0;0;0;0;0;0;0;0
Q99986;0;0;0;0;0;0;0;0;0;0;0;0
Q9BRZ2;0;0;0;0;0;0;0;0;0;0;0;0
Q9H4L7;0;0;0;0;0;0;0;0;0;0;0;0
Q9H553;0;0;0;0;0;0;0;0;0;0;0;0
Q9HCH0-2;0;0;0;0;0;0;0;0;0;0;0;0
Q9HCM3-3;0;0;0;0;0;0;0;0;0;0;0;0
Q9HDC9;0;0;0;0;0;0;0;0;0;0;0;0
Q9NQ88;0;0;0;0;0;0;0;0;0;0;0;0
Q9NSE4;0;0;0;0;0;0;0;0;0;0;0;0
Q9NVV4-2;0;0;0;0;0;0;0;0;0;0;0;0
Q9NW08-2;0;0;0;0;0;0;0;0;0;0;0;0
Q9P2B7-2;0;0;0;0;0;0;0;0;0;0;0;0
Q9UL42;0;0;0;0;0;0;0;0;0;0;0;0
Q9Y2H6-2;0;0;0;0;0;0;0;0;0;0;0;0
A0A0A0MTH3;0;0;0;0;0;0;0;0;0;0;0;0
A0AVT1;0;0;0;0;0;0;0;0;0;0;0;0
J3QKW7;0;0;0;0;0;0;0;0;0;0;0;0
B4DUC8;0;0;0;0;0;0;0;0;0;0;0;0
E9PGC8;0;0;0;0;0;0;0;0;0;0;0;0
E9PR16;0;0;0;0;0;0;0;0;0;0;0;0
F5H6N1;0;0;0;0;0;0;0;0;0;0;0;0
G3V599;0;0;0;0;0;0;0;0;0;0;0;0
H0YGT2;0;0;0;0;0;0;0;0;0;0;0;0
H3BPR2;0;0;0;0;0;0;0;0;0;0;0;0
O43264;0;0;0;0;0;0;0;0;0;0;0;0
O95801;0;0;0;0;0;0;0;0;0;0;0;0
P00491;0;0;0;0;0;0;0;0;0;0;0;0
P12273;0;0;0;0;0;0;0;0;0;0;0;0
P23443-4;0;0;0;0;0;0;0;0;0;0;0;0
P30825;0;0;0;0;0;0;0;0;0;0;0;0
P31150;0;0;0;0;0;0;0;0;0;0;0;0
P45954-2;0;0;0;0;0;0;0;0;0;0;0;0
P62330;0;0;0;0;0;0;0;0;0;0;0;0
Q15008;0;0;0;0;0;0;0;0;0;0;0;0
Q5JRX3;0;0;0;0;0;0;0;0;0;0;0;0
Q7L2H7;0;0;0;0;0;0;0;0;0;0;0;0
Q96CT7;0;0;0;0;0;0;0;0;0;0;0;0
Q96GI7;0;0;0;0;0;0;0;0;0;0;0;0
Q9H4L5-6;0;0;0;0;0;0;0;0;0;0;0;0
Q9HD45;0;0;0;0;0;0;0;0;0;0;0;0
Q9UBH6-2;0;0;0;0;0;0;0;0;0;0;0;0
Q9UKN8;0;0;0;0;0;0;0;0;0;0;0;0
Q9Y2B0;0;0;0;0;0;0;0;0;0;0;0;0
S4R3N1;0;0;0;0;0;0;0;0;0;0;0;0
Q8N6H7;0;0;0;0;0;0;0;0;0;0;0;0
C9J5N1;0;0;0;0;0;0;0;0;0;0;0;0
H0YAN8;0;0;0;0;0;0;0;0;0;0;0;0
H0YL72;0;0;0;0;0;0;0;0;0;0;0;0
O14733;0;0;0;0;0;0;0;0;0;0;0;0
O75386;0;0;0;0;0;0;0;0;0;0;0;0
P53794;0;0;0;0;0;0;0;0;0;0;0;0
P62306;0;0;0;0;0;0;0;0;0;0;0;0
Q86TI0-2;0;0;0;0;0;0;0;0;0;0;0;0
Q9BVA0;0;0;0;0;0;0;0;0;0;0;0;0
Q9UBN6;0;0;0;0;0;0;0;0;0;0;0;0
A0A087WU53;0;0;0;0;0;0;0;0;0;0;0;0
A2A2F0;0;0;0;0;0;0;0;0;0;0;0;0
D6RE80;0;0;0;0;0;0;0;0;0;0;0;0
F5H6Z0;0;0;0;0;0;0;0;0;0;0;0;0
F8VV52;0;0;0;0;0;0;0;0;0;0;0;0
H3BMQ0;0;0;0;0;0;0;0;0;0;0;0;0
O60888-3;0;0;0;0;0;0;0;0;0;0;0;0
S4R305;0;0;0;0;0;0;0;0;0;0;0;0
P09132;0;0;0;0;0;0;0;0;0;0;0;0
P52569;0;0;0;0;0;0;0;0;0;0;0;0
Q8IZT6-2;0;0;0;0;0;0;0;0;0;0;0;0
Q92536;0;0;0;0;0;0;0;0;0;0;0;0
Q96JM3;0;0;0;0;0;0;0;0;0;0;0;0
Q96PY5-3;0;0;0;0;0;0;0;0;0;0;0;0
Q99707;0;0;0;0;0;0;0;0;0;0;0;0
Q9BUH6;0;0;0;0;0;0;0;0;0;0;0;0
Q9C005;0;0;0;0;0;0;0;0;0;0;0;0
Q9H840;0;0;0;0;0;0;0;0;0;0;0;0
A0A0A0MTN0;0;0;0;0;0;0;0;0;0;0;0;0
E7EMB6;0;0;0;0;0;0;0;0;0;0;0;0
F8W6G1;0;0;0;0;0;0;0;0;0;0;0;0
F8WDV0;0;0;0;0;0;0;0;0;0;0;0;0
H3BSH7;0;0;0;0;0;0;0;0;0;0;0;0
O43719;0;0;0;0;0;0;0;0;0;0;0;0
P47929;0;0;0;0;0;0;0;0;0;0;0;0
P53999;0;0;0;0;0;0;0;0;0;0;0;0
Q01469;0;0;0;0;0;0;0;0;0;0;0;0
Q02383;0;0;0;0;0;0;0;0;0;0;0;0
Q14571;0;0;0;0;0;0;0;0;0;0;0;0
Q14643-4;0;0;0;0;0;0;0;0;0;0;0;0
Q5SRE5;0;0;0;0;0;0;0;0;0;0;0;0
Q5T750;0;0;0;0;0;0;0;0;0;0;0;0
Q6NUK1;0;0;0;0;0;0;0;0;0;0;0;0
Q86U90;0;0;0;0;0;0;0;0;0;0;0;0
Q8N4T4-2;0;0;0;0;0;0;0;0;0;0;0;0
Q8NDV3-2;0;0;0;0;0;0;0;0;0;0;0;0
Q8TDM6-4;0;0;0;0;0;0;0;0;0;0;0;0
Q9H307;0;0;0;0;0;0;0;0;0;0;0;0
Q9NZQ3-3;0;0;0;0;0;0;0;0;0;0;0;0
V9GZ56;0;0;0;0;0;0;0;0;0;0;0;0
Q9Y696;0;0;0;0;0;0;0;0;0;0;0;0
A0A140TA86;0;0;0;0;0;0;0;0;0;0;0;0
J3KNN3;0;0;0;0;0;0;0;0;0;0;0;0
J3KT10;0;0;0;0;0;0;0;0;0;0;0;0
O15360;0;0;0;0;0;0;0;0;0;0;0;0
Q7Z2W9;0;0;0;0;0;0;0;0;0;0;0;0
Q9BZE1;0;0;0;0;0;0;0;0;0;0;0;0
Q9H0U9;0;0;0;0;0;0;0;0;0;0;0;0
A0A0B4J296;0;0;0;0;0;0;0;0;0;0;0;0
B7Z683;0;0;0;0;0;0;0;0;0;0;0;0
C9IYN9;0;0;0;0;0;0;0;0;0;0;0;0
F6QDS0;0;0;0;0;0;0;0;0;0;0;0;0
H7C1G6;0;0;0;0;0;0;0;0;0;0;0;0
O43252;0;0;0;0;0;0;0;0;0;0;0;0
O43542;0;0;0;0;0;0;0;0;0;0;0;0
O75351;0;0;0;0;0;0;0;0;0;0;0;0
O94776;0;0;0;0;0;0;0;0;0;0;0;0
O94955;0;0;0;0;0;0;0;0;0;0;0;0
O95391;0;0;0;0;0;0;0;0;0;0;0;0
P05412;0;0;0;0;0;0;0;0;0;0;0;0
P16104;0;0;0;0;0;0;0;0;0;0;0;0
P17028;0;0;0;0;0;0;0;0;0;0;0;0
P28482;0;0;0;0;0;0;0;0;0;0;0;0
P52788;0;0;0;0;0;0;0;0;0;0;0;0
P78346;0;0;0;0;0;0;0;0;0;0;0;0
Q08945;0;0;0;0;0;0;0;0;0;0;0;0
Q13905-2;0;0;0;0;0;0;0;0;0;0;0;0
Q8IYI6;0;0;0;0;0;0;0;0;0;0;0;0
Q8WY54-2;0;0;0;0;0;0;0;0;0;0;0;0
Q96J01;0;0;0;0;0;0;0;0;0;0;0;0
Q9H4L4;0;0;0;0;0;0;0;0;0;0;0;0
Q9H939;0;0;0;0;0;0;0;0;0;0;0;0
Q9H9G7-2;0;0;0;0;0;0;0;0;0;0;0;0
Q9HB90;0;0;0;0;0;0;0;0;0;0;0;0
Q9HBM1;0;0;0;0;0;0;0;0;0;0;0;0
Q9HCU4;0;0;0;0;0;0;0;0;0;0;0;0
Q9NPI6-2;0;0;0;0;0;0;0;0;0;0;0;0
Q9NTX5-3;0;0;0;0;0;0;0;0;0;0;0;0
Q9NVX0;0;0;0;0;0;0;0;0;0;0;0;0
Q9P0J7;0;0;0;0;0;0;0;0;0;0;0;0
Q9UEW8-2;0;0;0;0;0;0;0;0;0;0;0;0
Q9UHB7-2;0;0;0;0;0;0;0;0;0;0;0;0
Q9UHR6;0;0;0;0;0;0;0;0;0;0;0;0
Q9UKZ1;0;0;0;0;0;0;0;0;0;0;0;0
Q9Y217-2;0;0;0;0;0;0;0;0;0;0;0;0
Q9Y233;0;0;0;0;0;0;0;0;0;0;0;0
Q9Y3B7-2;0;0;0;0;0;0;0;0;0;0;0;0
Q9Y3C1;0;0;0;0;0;0;0;0;0;0;0;0
Q9Y4P1-6;0;0;0;0;0;0;0;0;0;0;0;0
R4GMX3;0;0;0;0;0;0;0;0;0;0;0;0
R4GNB2;0;0;0;0;0;0;0;0;0;0;0;0
A0A0A0MRK1;0;0;0;0;0;0;0;0;0;0;0;0
F5H562;0;0;0;0;0;0;0;0;0;0;0;0
M0R0N4;0;0;0;0;0;0;0;0;0;0;0;0
Q15386;0;0;0;0;0;0;0;0;0;0;0;0
Q86Y07-4;0;0;0;0;0;0;0;0;0;0;0;0
Q8NFW8;0;0;0;0;0;0;0;0;0;0;0;0
Q9HC21-2;0;0;0;0;0;0;0;0;0;0;0;0
Q9HCN8;0;0;0;0;0;0;0;0;0;0;0;0
Q9NPI1;0;0;0;0;0;0;0;0;0;0;0;0
Q9NQT5;0;0;0;0;0;0;0;0;0;0;0;0
Q9NUD5;0;0;0;0;0;0;0;0;0;0;0;0
Q9P209;0;0;0;0;0;0;0;0;0;0;0;0
Q9UEU0;0;0;0;0;0;0;0;0;0;0;0;0
Q9UGR2-2;0;0;0;0;0;0;0;0;0;0;0;0
Q9Y2S6;0;0;0;0;0;0;0;0;0;0;0;0
Q9Y3A5;0;0;0;0;0;0;0;0;0;0;0;0
Q9Y6A4;0;0;0;0;0;0;0;0;0;0;0;0
Q9Y6X9-2;0;0;0;0;0;0;0;0;0;0;0;0
Q9NVZ3-4;0;0;0;0;0;0;0;0;0;0;0;0
Q9NXN4-2;0;0;0;0;0;0;0;0;0;0;0;0
Q9UKG1;0;0;0;0;0;0;0;0;0;0;0;0
Q9UMZ2-6;0;0;0;0;0;0;0;0;0;0;0;0
Q9UQC2;0;0;0;0;0;0;0;0;0;0;0;0
Q9Y2J2-4;0;0;0;0;0;0;0;0;0;0;0;0
F5GXJ1;0;0;0;0;0;0;0;0;0;0;0;0
F5GYK2;0;0;0;0;0;0;0;0;0;0;0;0
J3KNL6;0;0;0;0;0;0;0;0;0;0;0;0
P63272;0;0;0;0;0;0;0;0;0;0;0;0
Q01581;0;0;0;0;0;0;0;0;0;0;0;0
X6RGJ2;0;0;0;0;0;0;0;0;0;0;0;0
Q7Z3B4;0;0;0;0;0;0;0;0;0;0;0;0
Q92990;0;0;0;0;0;0;0;0;0;0;0;0
Q9NRU3-2;0;0;0;0;0;0;0;0;0;0;0;0
Q9NSY1;0;0;0;0;0;0;0;0;0;0;0;0
Q9NVP1;0;0;0;0;0;0;0;0;0;0;0;0
Q9NVU0-3;0;0;0;0;0;0;0;0;0;0;0;0
Q9UPN9;0;0;0;0;0;0;0;0;0;0;0;0
A0A087WW59;0;0;0;0;0;0;0;0;0;0;0;0
O00154-6;0;0;0;0;0;0;0;0;0;0;0;0
O75165;0;0;0;0;0;0;0;0;0;0;0;0
P36551;0;0;0;0;0;0;0;0;0;0;0;0
Q08AM6;0;0;0;0;0;0;0;0;0;0;0;0
Q15276-2;0;0;0;0;0;0;0;0;0;0;0;0
Q16352;0;0;0;0;0;0;0;0;0;0;0;0
Q5QPM1;0;0;0;0;0;0;0;0;0;0;0;0
Q96HP0;0;0;0;0;0;0;0;0;0;0;0;0
Q9H9Y6-5;0;0;0;0;0;0;0;0;0;0;0;0
Q9NY12-2;0;0;0;0;0;0;0;0;0;0;0;0
Q9NYV4-2;0;0;0;0;0;0;0;0;0;0;0;0
Q9P2F8;0;0;0;0;0;0;0;0;0;0;0;0
Q9UNN5;0;0;0;0;0;0;0;0;0;0;0;0
Q9Y263;0;0;0;0;0;0;0;0;0;0;0;0
Q9Y2X9-2;0;0;0;0;0;0;0;0;0;0;0;0
Q9P270;0;0;0;0;0;0;0;0;0;0;0;0
Q9Y3D5;0;0;0;0;0;0;0;0;0;0;0;0
B4DF87;0;0;0;0;0;0;0;0;0;0;0;0
D6RFM5;0;0;0;0;0;0;0;0;0;0;0;0
F8VWT9;0;0;0;0;0;0;0;0;0;0;0;0
P17302;0;0;0;0;0;0;0;0;0;0;0;0
Q13867;0;0;0;0;0;0;0;0;0;0;0;0
Q6UWP8;0;0;0;0;0;0;0;0;0;0;0;0
Q9BZF3-2;0;0;0;0;0;0;0;0;0;0;0;0
Q9H6W3-2;0;0;0;0;0;0;0;0;0;0;0;0
Q9NXV6;0;0;0;0;0;0;0;0;0;0;0;0
Q9UN70;0;0;0;0;0;0;0;0;0;0;0;0
Q9Y2X0-2;0;0;0;0;0;0;0;0;0;0;0;0
A0A0A0MS08;0;0;0;0;0;0;0;0;0;0;0;0
Q9NWU2;0;0;0;0;0;0;0;0;0;0;0;0
Q9NZJ4;0;0;0;0;0;0;0;0;0;0;0;0
Q9P219;0;0;0;0;0;0;0;0;0;0;0;0
Q9Y2I8;0;0;0;0;0;0;0;0;0;0;0;0
Q9H8V3-2;0;0;0;0;0;0;0;0;0;0;0;0
Q9NPA0;0;0;0;0;0;0;0;0;0;0;0;0
Q9UKD2;0;0;0;0;0;0;0;0;0;0;0;0
Q9Y2L5-2;0;0;0;0;0;0;0;0;0;0;0;0
A0A087WZB3;0;0;0;0;0;0;0;0;0;0;0;0
E9PL24;0;0;0;0;0;0;0;0;0;0;0;0
P11166;0;0;0;0;0;0;0;0;0;0;0;0
P78356;0;0;0;0;0;0;0;0;0;0;0;0
Q9BPU6;0;0;0;0;0;0;0;0;0;0;0;0
F2Z2W6;0;0;0;0;0;0;0;0;0;0;0;0
Q6YN16-2;0;0;0;0;0;0;0;0;0;0;0;0
Q9BZH6;0;0;0;0;0;0;0;0;0;0;0;0
H0YI50;0;0;0;0;0;0;0;0;0;0;0;0
A0A087X0M4;0;0;0;0;0;0;0;0;0;0;0;0
A0A0A0MRF9;0;0;0;0;0;0;0;0;0;0;0;0
B8ZZI9;0;0;0;0;0;0;0;0;0;0;0;0
E9PC15;0;0;0;0;0;0;0;0;0;0;0;0
G3V1B8;0;0;0;0;0;0;0;0;0;0;0;0
O96008;0;0;0;0;0;0;0;0;0;0;0;0
P17066;0;0;0;0;0;0;0;0;0;0;0;0
Q10567-4;0;0;0;0;0;0;0;0;0;0;0;0
A0A0D9SFM0;0;0;0;0;0;0;0;0;0;0;0;0
H0Y3V5;0;0;0;0;0;0;0;0;0;0;0;0
P23919-2;0;0;0;0;0;0;0;0;0;0;0;0
Q6EMK4;0;0;0;0;0;0;0;0;0;0;0;0
Q8TDN4-2;0;0;0;0;0;0;0;0;0;0;0;0
A0A0J9YXM6;0;0;0;0;0;0;0;0;0;0;0;0
A0JNW5;0;0;0;0;0;0;0;0;0;0;0;0
E9PGT6;0;0;0;0;0;0;0;0;0;0;0;0
V9GYN7;0;0;0;0;0;0;0;0;0;0;0;0
P82914;0;0;0;0;0;0;0;0;0;0;0;0
Q8NE86-3;0;0;0;0;0;0;0;0;0;0;0;0
Q96RR4-6;0;0;0;0;0;0;0;0;0;0;0;0
J3QKS7;0;0;0;0;0;0;0;0;0;0;0;0
Q15427;0;0;0;0;0;0;0;0;0;0;0;0
